series_id,country,product,metric,unit,date,value,value_raw,parse,quality,source_url,note,_source_file
hormuz_crude_liquids_prewar_4q25,WORLD,crude_and_petroleum_liquids,hormuz_transit_volume,mb/d,2025-12-31,21.6,21.6,exact,hard,https://www.eia.gov/outlooks/steo/pdf/steo_full.pdf,4Q25 average per EIA STEO Sept 2026; pre-war baseline,ws1_flows
hormuz_crude_liquids_2q26,WORLD,crude_and_petroleum_liquids,hormuz_transit_volume,mb/d,2026-06-30,4.9,4.9,exact,hard,https://www.eia.gov/outlooks/steo/pdf/steo_full.pdf,2Q26 average per EIA STEO Sept 2026,ws1_flows
hormuz_oil_products_prewar_2025,WORLD,oil_and_products,hormuz_transit_volume,mb/d,2025-12-31,20.0,20,exact,hard,https://iea.blob.core.windows.net/assets/c8248eba-8689-46d9-ae4b-b858b59c0f1c/StraitofHormuz2026-Factsheet.pdf,2025 average per IEA Strait of Hormuz factsheet (Feb 2026 vintage),ws1_flows
gulf_crude_exports_aug26_iea,WORLD,crude,gulf_port_exports,mb/d,2026-08-31,13.0,13,exact,est,https://www.iea.org/reports/oil-market-report-september-2026,IEA Sept 2026 OMR: Aug Gulf exports ~13mb/d nearly half pre-war level; crude losses narrowed to just below 45%,ws1_flows
gulf_crude_exports_kpler_sep26,WORLD,crude,gulf_port_exports_reconstructed,mb/d,2026-09-01,15.5,15.5,exact,est,https://global-energy-flow.com/hormuz/,"Kpler reconstructed Gulf exports 15-16mb/d (midpoint used) early Sept 2026, 7-8mb/d below pre-war per Kpler analyst Matt Smith",ws1_flows
hormuz_flow_us_govt_est_aug31,WORLD,crude,hormuz_transit_volume_us_govt_est,mb/d,2026-08-31,9.0,9,exact,est,https://www.aljazeera.com/news/2026/9/3/how-much-oil-is-going-through-hormuz-how-data-doesnt-match-us-claims,US govt estimate range 8-10mb/d cited by analysts; midpoint used,ws1_flows
hormuz_flow_tracker_low_aug31,WORLD,crude,hormuz_transit_volume_tracker_est,mb/d,2026-08-31,5.0,5,exact,est,https://www.aljazeera.com/news/2026/9/3/how-much-oil-is-going-through-hormuz-how-data-doesnt-match-us-claims,Independent nonpartisan tanker trackers: likely 5-7mb/d best case vs US 8-10mb/d claim; lower bound of range used,ws1_flows
hormuz_single_day_throughput_aug31,WORLD,crude,single_day_tanker_throughput,mb,2026-08-31,17.0,17,exact,hard,https://hotair.com/john-s-2/2026/09/03/how-much-oil-is-getting-through-the-strait-of-hormuz-n3818657,US Energy Sec Chris Wright: tankers moved >17m bbl through strait on Aug 31 highest since war start; single-day count not directly averaged to mb/d,ws1_flows
me_crude_export_volume_aug26,WORLD,crude,middle_east_export_volume,mb/d,2026-08-31,11.8,11.8,exact,est,https://www.lloydslist.com/LL1158394/VLCC-market-hits-historic-high-in-latest-phase-of-Hormuz-crisis,"August average, down 6.6mb/d (-36%) vs 6-month pre-crisis average",ws1_flows
gulf_diesel_gasoil_exports_aug26,WORLD,diesel_gasoil,gulf_net_exports,kb/d,2026-08-31,390.0,390,exact,est,https://www.iea.org/reports/oil-market-report-september-2026,IEA Sept 2026 OMR: ~quarter of pre-war levels,ws1_flows
me_crude_condensate_loadings_mar15,WORLD,crude_and_condensate,me_port_loadings,mb/d,2026-03-15,4.6,4.6,exact,hard,https://en.mercopress.com/2026/03/17/saudi-arabia-diverts-more-crude-to-the-red-sea-to-bypass-hormuz-but-alternative-capacity-remains-limited,"Week ending 2026-03-15, -62% w/w; Saudi -3.7mb/d, UAE -3.0mb/d, Bahrain to zero",ws1_flows
hormuz_vessel_transit_prewar,WORLD,all_vessels,hormuz_daily_transits,vessels/day,2025-12-31,125.0,125,exact,est,https://www.aljazeera.com/news/2026/8/27/how-a-95-percent-drop-in-hormuz-traffic-changed-global-shipping,Baseline large commercial vessels/day pre-war per Kpler/shipping trackers (broader than brief's 94.3 tanker-only baseline; different vessel-class definition),ws1_flows
hormuz_vessel_transit_sep9_26,WORLD,all_vessels,hormuz_daily_transits,vessels/day,2026-09-09,7.0,7,exact,hard,https://www.globalsecurity.org/wmd/library/news/iran/2026/09/iran-260910-rferl05.htm,Single-day count 2026-09-09 down from 12 the day before,ws1_flows
hormuz_vessel_transit_10dayavg_sep26,WORLD,all_vessels,hormuz_daily_transits_10d_avg,vessels/day,2026-09-09,13.5,13.5,exact,est,https://www.al-monitor.com/originals/2026/09/hormuz-shipping-traffic-falls-single-digits-data-shows,Kpler 10-day trailing average ~13-14/day (midpoint used) as of early Sept 2026,ws1_flows
qatar_lng_export_capacity_total,QA,LNG,nameplate_capacity,mtpa,2026-01-01,77.0,77,exact,hard,https://www.csis.org/analysis/battle-hormuz-will-reshape-global-lng-market,Qatar total LNG nameplate capacity,ws1_flows
qatar_lng_trains_damaged_capacity,QA,LNG,damaged_capacity,mtpa,2026-03-01,12.8,12.8,exact,hard,https://www.csis.org/analysis/battle-hormuz-will-reshape-global-lng-market,Trains 4 and 6 damaged (~17% of capacity); reported out of service 3-5 years,ws1_flows
qatar_lng_cargoes_prewar_h1,QA,LNG,cargo_count,cargoes,2025-06-30,509.0,509,exact,hard,https://oilprice.com/Latest-Energy-News/World-News/Qatar-Extends-Force-Majeure-as-Hormuz-Crisis-Still-Blocks-LNG-Traffic.html,H1 2025 cargo count comparator,ws1_flows
qatar_lng_cargoes_war_h1_2026,QA,LNG,cargo_count,cargoes,2026-06-30,18.0,18,exact,hard,https://oilprice.com/Latest-Energy-News/World-News/Qatar-Extends-Force-Majeure-as-Hormuz-Crisis-Still-Blocks-LNG-Traffic.html,H1 2026 cargo count -96% vs H1 2025 (509 cargoes),ws1_flows
qatar_lng_export_2026_forecast,QA,LNG,annual_export_forecast,mt,2026-12-31,38.7,38.7,exact,est,https://globallnghub.com/qatar-lng-under-constraint-capacity-loss-and-export-dislocation-shakes-global-gas-markets/,2026 full-year forecast ~half of pre-conflict 77mtpa capacity,ws1_flows
qatar_china_lng_jan_jul25,QA,LNG,bilateral_shipments,mt,2025-07-31,11.0,11.0,exact,hard,https://www.bloomberg.com/news/articles/2026-07-17/china-looks-to-curb-dependence-on-qatar-for-future-lng-supply,Jan-Jul 2025 Qatar to China LNG shipments comparator,ws1_flows
qatar_china_lng_jan_jul26,QA,LNG,bilateral_shipments,mt,2026-07-31,4.7,4.7,exact,hard,https://www.bloomberg.com/news/articles/2026-07-17/china-looks-to-curb-dependence-on-qatar-for-future-lng-supply,Jan-Jul 2026 -57.6% y/y vs 11.0mt; China's share of imports from Qatar fell to 13.3% from ~one-third,ws1_flows
qatar_lng_global_exports_jan_jul25,QA,LNG,global_exports,mt,2025-07-31,48.2,48.2,exact,hard,https://www.bloomberg.com/news/articles/2026-07-17/china-looks-to-curb-dependence-on-qatar-for-future-lng-supply,Jan-Jul 2025 global Qatar LNG exports comparator,ws1_flows
qatar_lng_global_exports_jan_jul26,QA,LNG,global_exports,mt,2026-07-31,17.2,17.2,exact,hard,https://www.bloomberg.com/news/articles/2026-07-17/china-looks-to-curb-dependence-on-qatar-for-future-lng-supply,Jan-Jul 2026 -64.3% y/y,ws1_flows
china_lng_imports_2026_forecast_ieefa,CN,LNG,annual_imports_forecast,mt,2026-12-31,59.0,59,exact,est,https://ieefa.org/resources/iran-conflict-cutting-long-term-role-lng-asia,IEEFA forecast -11% y/y vs 2025,ws1_flows
china_lng_imports_2025_implied_calc,CN,LNG,annual_imports,mt,2025-12-31,66.3,66.3,exact,calc,https://ieefa.org/resources/iran-conflict-cutting-long-term-role-lng-asia,"calc: 2025 baseline = 2026 forecast / (1-0.11) = 59 / 0.89 = 66.3mt; derived, not directly observed",ws1_flows
china_lng_imports_2026_forecast_bnef,CN,LNG,annual_imports_forecast,mt,2026-12-31,62.3,62.3,exact,est,https://globallnghub.com/china-lng-imports-fall-as-supply-mix-shifts/,BloombergNEF alternate forecast (less severe decline than IEEFA),ws1_flows
gulf_lpg_exports_prewar_westhormuz,WORLD,LPG_incl_ammonia,gulf_west_of_hormuz_exports,mb/d,2025-12-31,1.2,1.2,exact,est,https://oilprice.com/Energy/Natural-Gas/Hormuz-Crisis-Is-Rewriting-the-Global-LPG-Trade.amp.html,2025 baseline; Gulf suppliers west of Hormuz incl ammonia; global LPG exports 6.4mb/d for context,ws1_flows
gulf_lpg_exports_prewar_broad,WORLD,LPG,gulf_total_exports,mb/d,2025-12-31,1.5,1.5,exact,est,https://oilprice.com/Energy/Natural-Gas/Hormuz-Crisis-Is-Rewriting-the-Global-LPG-Trade.amp.html,2025 baseline broader Gulf producer definition (source states both 1.2 and 1.5mb/d in different framings - reported as range),ws1_flows
lpg_share_of_hormuz_flows_prewar,WORLD,LPG,share_of_hormuz_flow,pct,2026-02-21,29.0,29,exact,est,https://oilprice.com/Energy/Natural-Gas/Hormuz-Crisis-Is-Rewriting-the-Global-LPG-Trade.amp.html,UNCTAD data cited: week before Iran war began LPG was ~29% of Hormuz flows (by volume/value basis unclear),ws1_flows
saudi_ew_pipeline_nameplate,SA,crude,pipeline_nameplate_capacity,mb/d,2026-01-01,7.0,7,exact,hard,https://www.cnbc.com/2026/09/11/saudi-arabia-shut-down-east-west-crude-oil-pipeline.html,East-West Pipeline (Petroline) full pumping capacity - consistently reported across Bloomberg/CNBC/Al Jazeera/The National,ws1_flows
saudi_ew_pipeline_reroute_volume_mar26,SA,crude,pipeline_actual_flow,mb/d,2026-03-01,5.0,5,exact,hard,https://www.thenationalnews.com/news/2026/09/11/saudi-arabia-closes-east-west-oil-pipeline-following-attacks/,~5mb/d rerouted via pipeline to Yanbu after Hormuz closure March 2026 (below 7mb/d nameplate),ws1_flows
saudi_ew_pipeline_status_shutdown,SA,crude,pipeline_status_flow,mb/d,2026-09-11,0.0,0,exact,hard,https://www.cnbc.com/2026/09/11/saudi-arabia-shut-down-east-west-crude-oil-pipeline.html,Shut down as precautionary measure after drone strikes 2026-09-10/11; operational status as of 2026-09-14 NOT independently confirmed in available sources - see report uncertainties section,ws1_flows
yanbu_loadings_sep26_vortexa,SA,crude,port_loadings,mb/d,2026-09-10,3.7,3.7,exact,est,https://www.argusmedia.com/en/news-and-insights/latest-market-news/2813059-saudi-east-west-crude-pipeline-back-to-full-capacity,Vortexa estimate early Sept 2026 - flagged: conflicts with reported Sept 11 pipeline shutdown; may reflect pre-shutdown loadings or partial/short outage,ws1_flows
yanbu_loadings_sep26_kpler,SA,crude,port_loadings,mb/d,2026-09-12,2.9,2.9,exact,est,https://www.argusmedia.com/en/news-and-insights/latest-market-news/2813059-saudi-east-west-crude-pipeline-back-to-full-capacity,Kpler estimate for September up from ~1.5mb/d in August; source discrepancy vs Vortexa 3.7mb/d flagged,ws1_flows
yanbu_terminal_nameplate,SA,crude,terminal_nameplate_capacity,mb/d,2026-01-01,4.5,4.5,exact,hard,https://www.worldoil.com/news/2026/3/25/saudi-arabia-ramps-yanbu-exports-toward-5-mmbpd-as-hormuz-disruption-forces-rerouting/,Yanbu North + South combined nominal loading capacity,ws1_flows
uae_habshan_fujairah_capacity,AE,crude,pipeline_capacity,mb/d,2026-01-01,1.8,1.8,exact,hard,https://www.gem.wiki/Habshan%E2%80%93Fujairah_Oil_Pipeline,"Reported total/nameplate capacity; other sources cite ~1.5mb/d as typically ""handled"" volume",ws1_flows
uae_adcop_loadings_apr26,AE,crude,pipeline_actual_flow,mb/d,2026-04-30,1.82,1.82,exact,hard,https://www.kpler.com/blog/beyond-hormuz-the-pipeline-routes-that-could-reshape-gulf-oil-flows,April 2026 loadings via Habshan-Fujairah (ADCOP) = 80% of UAE crude loadings vs 30% in 2025 - near full nameplate utilisation,ws1_flows
uae_habshan_fujairah_expansion_2027,AE,crude,pipeline_capacity_planned,mb/d,2027-01-01,3.6,3.6,exact,est,https://www.thenationalnews.com/business/energy/2026/05/15/uaes-west-east-pipeline-expansion-to-become-operational-in-2027-doubling-oil-export-capacity/,Second parallel pipeline doubling capacity targeted operational 2027; ~50% complete as of 2026-05-20 per CNBC,ws1_flows
iraq_turkey_ceyhan_actual_throughput_2026,IQ,crude,pipeline_actual_flow,kb/d,2026-08-01,185.0,185,exact,hard,https://www.thenationalnews.com/business/energy/2026/08/01/iraq-to-sign-extension-of-pipeline-deal-with-turkey/,Current throughput 170-200kb/d per Turkish Energy Minister Bayraktar (midpoint used),ws1_flows
iraq_turkey_ceyhan_guaranteed_min,IQ,crude,pipeline_contracted_minimum,kb/d,2026-08-01,750.0,750,exact,hard,https://www.thenationalnews.com/business/energy/2026/08/01/iraq-to-sign-extension-of-pipeline-deal-with-turkey/,"1-yr deal signed 2026-08-01 guaranteed minimum export capacity, well above actual throughput",ws1_flows
iraq_turkey_ceyhan_nameplate,IQ,crude,pipeline_nameplate_capacity,mb/d,2026-01-01,1.5,1.5,exact,hard,https://www.thenationalnews.com/business/energy/2026/08/01/iraq-to-sign-extension-of-pipeline-deal-with-turkey/,Theoretical pipeline capacity - operating far below in recent years even pre-war,ws1_flows
china_crude_imports_aug26,CN,crude,monthly_imports,mt,2026-08-31,37.9,37.9,exact,hard,https://www.bloomberg.com/news/articles/2026-09-08/china-s-crude-imports-strengthen-as-refiners-diversify-supply,August 2026 customs data +6.2% m/m but -23% y/y,ws1_flows
japan_crude_imports_apr26,JP,crude,daily_imports,kb/d,2026-04-30,850.0,850,exact,hard,https://invezz.com/news/2026/05/29/japans-crude-oil-imports-plunge-66-amid-middle-east-supply-disruptions/,"METI data, -66% y/y for April 2026",ws1_flows
japan_hormuz_share_prewar,JP,crude,hormuz_share_of_imports,pct,2026-01-31,93.0,93,exact,hard,https://asiatimes.com/2026/09/hormuz-crisis-forcing-japan-to-domesticate-its-energy-security/,Pre-war Hormuz share of Japan crude imports (94% from Middle East overall),ws1_flows
japan_hormuz_share_alt_jan26,JP,crude,hormuz_share_of_imports_alt,pct,2026-01-31,73.7,73.7,exact,hard,https://asiatimes.com/2026/09/hormuz-crisis-forcing-japan-to-domesticate-its-energy-security/,"METI Jan 2026: 95.1% of imports from Middle East of which 73.7% transported via Hormuz - lower than the 93% figure cited elsewhere; both figures reported, methodology difference not fully resolved",ws1_flows
china_hormuz_share_seaborne_2025,CN,crude,hormuz_share_of_seaborne_imports,pct,2025-12-31,44.0,44,exact,est,https://www.vortexa.com/insights/chinas-crude-import-stress-resistance,"2025 baseline per Vortexa, down from 51% previously cited by same source (Vortexa's own historical revision) - range 40-50% reported across sources; brief's ~40% anchor is within this range",ws1_flows
china_hormuz_share_totalcrude_2025,CN,crude,hormuz_share_of_total_crude_supply,pct,2025-12-31,35.0,35,exact,est,https://www.outlookbusiness.com/news/china-cut-oil-imports-by-40-amid-hormuz-crisis-heres-how-it-pulled-it-off,Alternate 2025 estimate: ~35% of China's total crude supply (seaborne+overland) via Hormuz,ws1_flows
brent_prewar,WORLD,crude_brent,price,USD/bbl,2026-02-27,71.0,71,exact,hard,https://en.wikipedia.org/wiki/2026%E2%80%932028_world_oil_market_chronology,Pre-war baseline per shared brief / chronology,ws1_prices
brent_peak_kinetic,WORLD,crude_brent,price,USD/bbl,2026-03-02,118.0,118,exact,hard,https://en.wikipedia.org/wiki/2026%E2%80%932028_world_oil_market_chronology,Initial peak per shared brief,ws1_prices
brent_mar9,WORLD,crude_brent,price,USD/bbl,2026-03-09,94.0,94,exact,hard,https://en.wikipedia.org/wiki/2026%E2%80%932028_world_oil_market_chronology,Per shared brief,ws1_prices
brent_may_secondary_peak,WORLD,crude_brent,price,USD/bbl,2026-05-31,114.0,114,exact,est,https://en.wikipedia.org/wiki/2026%E2%80%932028_world_oil_market_chronology,"Secondary peak, 'as high as $114 in May' during height of kinetic phase",ws1_prices
brent_jul2,WORLD,crude_brent,price,USD/bbl,2026-07-02,,NA,missing,NA,NA,Pre-war-level trough referenced qualitatively (oil prices fall to levels not seen since war start) but no point value found - gap,ws1_prices
brent_jul27,WORLD,crude_brent,price,USD/bbl,2026-07-27,90.0,90,exact,hard,https://www.cnbc.com/2026/07/27/oil-price-wti-brent-slide-as-iran-reportedly-may-halt-attacks.html,Brent below $90/bbl as pause in US-Iran hostilities appeared to hold,ws1_prices
brent_aug10,WORLD,crude_brent_oct_futures,price,USD/bbl,2026-08-10,84.11,84.11,exact,hard,https://en.wikipedia.org/wiki/2026%E2%80%932028_world_oil_market_chronology,Per shared brief; October futures,ws1_prices
brent_sep2,WORLD,crude_brent,price,USD/bbl,2026-09-02,93.0,93,exact,hard,https://www.washingtontimes.com/news/2026/sep/9/brent-crude-hits-100-barrel-iran-war-escalates/,Cited in Washington Times Sept 9 report,ws1_prices
brent_sep9,WORLD,crude_brent,price,USD/bbl,2026-09-09,100.76,100.76,exact,hard,https://www.washingtontimes.com/news/2026/sep/9/brent-crude-hits-100-barrel-iran-war-escalates/,Brent tops $100/bbl following US strikes on Iranian oil tankers and Houthi attacks on Saudi Arabia,ws1_prices
brent_sep11,WORLD,crude_brent,price,USD/bbl,2026-09-11,104.61,104.61,exact,hard,https://tradingeconomics.com/commodity/brent-crude-oil,"Close on 2026-09-11 per TradingEconomics, day of East-West pipeline shutdown announcement",ws1_prices
dubai_range_high_aug_sep,WORLD,crude_dubai_platts,price_high,USD/bbl,2026-09-09,105.09,105.09,exact,hard,https://www.investing.com/commodities/dubai-crude-oil-platts-futures-historical-data,High within Aug10-Sep9 2026 window,ws1_prices
dubai_range_low_aug_sep,WORLD,crude_dubai_platts,price_low,USD/bbl,2026-08-10,84.06,84.06,exact,hard,https://www.investing.com/commodities/dubai-crude-oil-platts-futures-historical-data,Low within same window,ws1_prices
dubai_range_avg_aug_sep,WORLD,crude_dubai_platts,price_avg,USD/bbl,2026-08-25,90.59,90.59,exact,hard,https://www.investing.com/commodities/dubai-crude-oil-platts-futures-historical-data,Average Aug10-Sep9 2026 (date = window midpoint),ws1_prices
efs_prewar,WORLD,brent_dubai_efs_spread,spread,USD/bbl,2026-02-27,2.0,2,exact,est,https://finance.yahoo.com/news/hormuz-freeze-sends-brent-dubai-153000677.html,"Below $2/bl just before conflict, per Yahoo Finance/market commentary",ws1_prices
efs_mar3,WORLD,brent_dubai_efs_spread,spread,USD/bbl,2026-03-03,6.0,6,exact,hard,https://finance.yahoo.com/news/hormuz-freeze-sends-brent-dubai-153000677.html,Surged above $6/bl as Hormuz freeze took hold,ws1_prices
efs_mar_avg,WORLD,brent_dubai_efs_spread,spread,USD/bbl,2026-03-31,9.12,9.12,exact,hard,https://finance.yahoo.com/news/hormuz-freeze-sends-brent-dubai-153000677.html,March 2026 average - widest level since 2022,ws1_prices
efs_jun_jul_low,WORLD,brent_dubai_efs_spread,spread_low,USD/bbl,2026-06-30,3.05,3.05,exact,hard,https://finance.yahoo.com/news/hormuz-freeze-sends-brent-dubai-153000677.html,Compressed low within Jun-Jul 2026 oscillation range,ws1_prices
efs_jun_jul_high,WORLD,brent_dubai_efs_spread,spread_high,USD/bbl,2026-07-31,16.25,16.25,exact,hard,https://finance.yahoo.com/news/hormuz-freeze-sends-brent-dubai-153000677.html,Widened high within Jun-Jul 2026 oscillation range,ws1_prices
efs_current_sep26,WORLD,brent_dubai_efs_spread,spread,USD/bbl,2026-09-14,,NA,missing,NA,NA,Current point value not found in available searches; last confirmed range is Jun-Jul 2026 ($3.05-$16.25/bl) - gap flagged,ws1_prices
oman_dubai_premium_mar26,OM,crude_oman,premium_to_dubai,USD/bbl,2026-03-04,13.05,13.05,exact,hard,https://www.spglobal.com/energy/en/news-research/latest-news/crude-oil/030426-platts-cash-dubai-differential-surges-past-10b-premium,Platts cash Oman premium to same-month Dubai futures early March 2026,ws1_prices
murban_dubai_premium_mar26,AE,crude_murban,premium_to_dubai,USD/bbl,2026-03-04,11.49,11.49,exact,hard,https://www.spglobal.com/energy/en/news-research/latest-news/crude-oil/030426-platts-cash-dubai-differential-surges-past-10b-premium,Platts cash Murban premium to same-month Dubai futures early March 2026,ws1_prices
jkm_prewar_janassess,WORLD,LNG_JKM,price,USD/MMBtu,2026-01-08,9.275,9.275,exact,hard,https://press.spglobal.com/2013-08-22-Platts-Asia-Spot-LNG-Prices-for-September-Delivery-Rose-3-5-Month-over-Month-on-Production-Outages,Platts Feb-delivery JKM assessment 2026-01-08,ws1_prices
jkm_prewar_range_janspot,WORLD,LNG_JKM,price_range_mid,USD/MMBtu,2026-01-31,13.0,13,exact,est,https://energyriskiq.com/data/jkm-lng-spot-price,"Jan 2026 spot range cited as $12-14/MMBtu, midpoint used",ws1_prices
jkm_sep11_tradingeconomics,WORLD,LNG_JKM,price,USD/MMBtu,2026-09-11,24.89,24.89,exact,hard,https://tradingeconomics.com/commodity/liquefied-natural-gas-japan-korea,Up 0.28% d/d; +17.16% m/m; +119.15% y/y per TradingEconomics,ws1_prices
jkm_sep11_energyriskiq,WORLD,LNG_JKM,price,USD/MMBtu,2026-09-11,24.81,24.81,exact,hard,https://energyriskiq.com/data/jkm-lng-spot-price,Alternate assessment same date - minor cross-source discrepancy (~$0.08) noted,ws1_prices
propane_cp_feb26_prewar,WORLD,propane,saudi_aramco_cp,USD/mt,2026-02-01,542.0,542,exact,hard,https://bzglpg.com/index.php/current-months-saudi-aramco-contract-prices-cp-for-propane-butane-lpg-mixtures/,Feb 2026 Saudi Aramco CP - pre-war baseline month,ws1_prices
propane_cp_apr26,WORLD,propane,saudi_aramco_cp,USD/mt,2026-04-01,750.0,750,exact,hard,https://www.opis.com/resources/energy-market-news-from-opis/saudi-aramco-raises-september-lpg-cp-amid-renewed-us-iran-strikes/,+38% vs Feb 2026,ws1_prices
propane_cp_jun26,WORLD,propane,saudi_aramco_cp,USD/mt,2026-06-01,760.0,760,exact,hard,https://www.opis.com/resources/energy-market-news-from-opis/saudi-aramco-raises-september-lpg-cp-amid-renewed-us-iran-strikes/,2026 cycle peak,ws1_prices
propane_cp_jul26,WORLD,propane,saudi_aramco_cp,USD/mt,2026-07-01,580.0,580,exact,hard,https://www.opis.com/resources/energy-market-news-from-opis/saudi-aramco-raises-september-lpg-cp-amid-renewed-us-iran-strikes/,Eased from June peak,ws1_prices
propane_cp_sep26,WORLD,propane,saudi_aramco_cp,USD/mt,2026-09-01,625.0,625,exact,hard,https://www.opis.com/resources/energy-market-news-from-opis/saudi-aramco-raises-september-lpg-cp-amid-renewed-us-iran-strikes/,Sept 2026 CP raised amid renewed US-Iran strikes,ws1_prices
propane_fareast_swap_sep26,WORLD,propane,far_east_swap,USD/mt,2026-09-01,775.0,775,exact,hard,https://www.opis.com/resources/energy-market-news-from-opis/saudi-aramco-raises-september-lpg-cp-amid-renewed-us-iran-strikes/,Sept 2026 Far East propane swap - premium over Saudi CP reflects freight/market,ws1_prices
naphtha_japan_index_sep11,JP,naphtha,price_cfr,USD/mt,2026-09-11,855.28,855.28,exact,hard,https://tradingeconomics.com/commodity/naphtha,"TradingEconomics naphtha index (Japan reference), 2026-09-11",ws1_prices
naphtha_japan_sgx_live,JP,naphtha,price_futures_live,USD/mt,2026-09-14,789.27,789.27,exact,hard,https://www.tradingview.com/symbols/SGX-NJF1!/,SGX Platts Naphtha CFR Japan Index futures - live quote captured mid-Sept 2026,ws1_prices
naphtha_japan_prewar,JP,naphtha,price_cfr,USD/mt,2026-02-27,,NA,missing,NA,NA,Pre-war baseline naphtha price not found in available searches - gap flagged,ws1_prices
gasoil_crack_sep3,WORLD,gasoil_10ppm,crack_to_dubai,USD/bbl,2026-09-03,2.7,2.70,exact,hard,https://www.shippingtribune.com/news/shipping/Singapore+physical+10+ppm+gasoil+crack+hits+record+low+on+supply+influx,"+demand+headwinds,Asian ULSD physical crack to front-month cash Dubai - record low, reflecting refined-product glut/weak demand even as crude supply stays tight",ws1_prices
gasoil_efs_sep8,WORLD,gasoil,efs_spread,USD/mt,2026-09-08,-142.01,-142.01,exact,hard,https://commodityscope.com/prices/gasoil-efs,"Singapore basis, down $6.20 (+4.6%) from 2026-09-07",ws1_prices
urea_prewar_feb26_calc,WORLD,urea,price,USD/mt,2026-02-28,472.0,472,exact,calc,https://blogs.worldbank.org/en/opendata/fertilizer-prices-surge-as-strait-of-hormuz-disruptions-tighten-,calc: pre-war baseline = April_peak / (1+0.80) = 850/1.80 = 472; formula per World Bank's stated +80%-since-Feb figure for the April peak,ws1_prices
urea_peak_apr26,WORLD,urea,price,USD/mt,2026-04-30,850.0,850,exact,hard,https://blogs.worldbank.org/en/opendata/fertilizer-prices-surge-as-strait-of-hormuz-disruptions-tighten-,April 2026 peak +80% since Feb; highest since April 2022,ws1_prices
urea_apr10_alt_benchmark,WORLD,urea,price,USD/mt,2026-04-10,694.25,694.25,exact,hard,https://www.intratec.us/solutions/primary-commodity-prices/commodity/urea-prices,Alternate benchmark cited for 2026-04-10 (differs from World Bank's April peak figure - both reported),ws1_prices
urea_jun26,WORLD,urea,price,USD/mt,2026-06-30,453.0,453,exact,hard,https://www.metals-hub.com/en/blog/urea-market-in-2026/,Moderated June 2026 level,ws1_prices
urea_current_sep26,WORLD,urea,price,USD/mt,2026-09-14,,NA,missing,NA,NA,No September 2026 print found in available searches; last confirmed point is June 2026 ($453/mt); a Profercy headline cites FOB values 'above $700/mt' during 'the Middle East crisis' without a clear date - excluded as too vague to date-stamp,ws1_prices
ammonia_me_fob_jul_peak,WORLD,ammonia,me_fob_price,USD/mt,2026-07-01,520.0,520,exact,hard,https://www.producer.com/crops/middle-east-conflict-sends-ammonia-prices-higher/,2026 peak near $520/mt in early July,ws1_prices
ammonia_me_fob_aug26,WORLD,ammonia,me_fob_price,USD/mt,2026-08-31,470.0,470,exact,hard,https://www.producer.com/crops/middle-east-conflict-sends-ammonia-prices-higher/,"Late August 2026, down from July peak",ws1_prices
methanol_china_spot_jan26,CN,methanol,spot_price,USD/mt,2026-01-31,250.0,250,exact,hard,https://www.procurementresource.com/news-and-articles/china-methanol-prices-fall-weak-mto-demand-supply-risks-2026,Jan 2026 pre-war baseline,ws1_prices
methanol_china_spot_may26_mid,CN,methanol,spot_price_cfr,USD/mt,2026-05-31,335.0,335,exact,hard,https://www.hellenicshippingnews.com/methanol-producer-margins-to-widen-as-supply-tightens-on-iran-war/,"May 2026 CFR China range $320-350/mt, midpoint used",ws1_prices
methanol_china_futures_aug13,CN,methanol,futures_price,CNY/mt,2026-08-13,2636.0,2636,exact,hard,https://www.sunsirs.com/commodity-news/petail-31121.html,China methanol futures settlement 2026-08-13 +12.65% y/y,ws1_prices
methanol_current_sep26,WORLD,methanol,price,USD/mt,2026-09-14,,NA,missing,NA,NA,No September 2026 USD price print found in available searches (latest confirmed is Aug 13 China futures in CNY); gap flagged,ws1_prices
meg_acp_sep26,WORLD,MEG,asian_contract_price,USD/mt,2026-09-01,780.0,780,exact,hard,https://www.meglobal.biz/acp2026sep/,MEGlobal Asian Contract Price for September 2026 arrival cargoes,ws1_prices
meg_china_q2_26,CN,MEG,spot_price,USD/mt,2026-06-30,553.0,553,exact,hard,https://www.imarcgroup.com/mono-ethylene-glycol-pricing-report,Q2 2026 China price (date = quarter-end),ws1_prices
meg_japan_q2_26,JP,MEG,price_fob,USD/mt,2026-06-30,705.0,705,exact,hard,https://www.imarcgroup.com/mono-ethylene-glycol-pricing-report,Q2 2026 Japan average price FOB Tokyo marketwide basis,ws1_prices
sulphur_kuwait_jun26,WORLD,sulphur,kuwait_ksp_fob,USD/mt,2026-06-01,805.0,805,exact,hard,https://www.argusmedia.com/en/news-and-insights/latest-market-news/2834832-kuwait-s-kpc-raises-june-sulphur-price-to-805-t-fob,Kuwait KPC official June 2026 KSP,ws1_prices
sulphur_kuwait_jul26,WORLD,sulphur,kuwait_ksp_fob,USD/mt,2026-07-01,950.0,950,exact,hard,https://www.argusmedia.com/en/news-and-insights/latest-market-news/2848184-kuwait-s-kpc-raises-jul-sulphur-price-by-145-t,Kuwait KPC official July 2026 KSP; +145/t vs June,ws1_prices
sulphur_kuwait_sep26,WORLD,sulphur,kuwait_ksp_fob,USD/mt,2026-09-14,,NA,missing,NA,NA,September 2026 KPC KSP announcement not found in available searches; last confirmed is July $950/t fob - gap flagged,ws1_prices
sulphur_general_low_shaky,WORLD,sulphur,general_price_est,USD/mt,2026-01-01,525.0,525,exact,est,https://stellarix.com/insights/blogs/global-sulfur-supply-crisis/,"Undated 'starting point this year' cited in aggregator piece - low-confidence/shaky source, cross-check against Kuwait KSP series preferred",ws1_prices
sulphur_general_high_shaky,WORLD,sulphur,general_price_est,USD/mt,2026-09-01,910.0,910,exact,est,https://stellarix.com/insights/blogs/global-sulfur-supply-crisis/,"Undated 'current' point (+70% YTD) cited in same aggregator piece - low-confidence/shaky source, consistent in direction with Kuwait KSP series but not independently dated",ws1_prices
vlcc_td3c_prewar,WORLD,VLCC_freight,td3c_index,USD/day,2026-02-27,,NA,missing,NA,NA,Pre-war baseline TD3C rate not found in available searches - gap flagged,ws1_prices
vlcc_td3c_mar16_peak,WORLD,VLCC_freight,td3c_index,USD/day,2026-03-16,420000.0,420000,exact,hard,https://www.lloydslist.com/LL1156492/Crude-tanker-rates-in-unchartered-territory-VLCC-index-tops-420K,"Mid-March 2026 peak - ""tops $420K""",ws1_prices
vlcc_td3c_sep_early26,WORLD,VLCC_freight,td3c_index,USD/day,2026-09-01,759969.0,759969,exact,hard,https://www.lloydslist.com/LL1158394/VLCC-market-hits-historic-high-in-latest-phase-of-Hormuz-crisis,"MEG-China TD3C VLCC index, early Sept 2026, unprecedented level, 26% above 2026-03-16 peak",ws1_prices
vlcc_hormuz_transit_charter_sep26,WORLD,VLCC_freight,hormuz_transit_charter_premium,USD/day,2026-09-01,500000.0,500000,exact,est,https://www.al-monitor.com/originals/2026/09/hormuz-shipping-traffic-falls-single-digits-data-shows,"Charter rates for vessels actually transiting the strait itself reported ""above $500,000/day"" - lower bound of an open-ended figure used",ws1_prices
warrisk_prewar,WORLD,tanker_war_risk_insurance,premium,pct_hull_value,2026-02-27,0.125,0.125,exact,hard,https://en.wikipedia.org/wiki/2026%E2%80%932028_world_oil_market_chronology,Pre-crisis baseline per shared brief,ws1_prices
warrisk_peak_mar26,WORLD,tanker_war_risk_insurance,premium,pct_hull_value,2026-03-15,5.0,5,exact,hard,https://en.wikipedia.org/wiki/2026%E2%80%932028_world_oil_market_chronology,"Peak per shared brief, range 2.5-5%, upper bound used",ws1_prices
warrisk_marapr_settle,WORLD,tanker_war_risk_insurance,premium,pct_hull_value,2026-04-15,1.0,1,exact,hard,https://en.wikipedia.org/wiki/2026%E2%80%932028_world_oil_market_chronology,Late March/April level per shared brief,ws1_prices
warrisk_prejul_baseline,WORLD,tanker_war_risk_insurance,premium,pct_hull_value,2026-07-01,2.0,2,exact,est,https://www.thenationalnews.com/business/2026/07/17/war-risk-shipping-premium-surges-again-as-tensions-escalate-at-strait-of-hormuz/,"'Weeks ago' baseline cited in 2026-07-17 report (range 1-3%, midpoint used), before renewed jump",ws1_prices
warrisk_jul17_marsh,WORLD,tanker_war_risk_insurance,premium,pct_hull_value,2026-07-17,8.75,8.75,exact,hard,https://www.spglobal.com/energy/en/news-research/latest-news/shipping/072226-middle-east-shipping-insurance-costs-rise-on-hormuz-risks-marsh,"Jumped to 7.5-10% of hull value per Marsh data, midpoint used",ws1_prices
warrisk_sep3_marsh,WORLD,tanker_war_risk_insurance,premium,pct_hull_value,2026-09-03,8.75,8.75,exact,hard,https://www.fairwayeta.com/insights/war-risk-insurance-2026-hidden-cost-shipping,"As of 2026-09-03, still 7.5-10% of hull value per Marsh, midpoint used - current level, unchanged from July",ws1_prices
lng_charter_mar26,WORLD,LNG_carrier,spot_charter_rate,USD/day,2026-03-01,300000.0,300000,exact,hard,https://oilprice.com/Latest-Energy-News/World-News/LNG-Shipping-Rates-Soar-650-to-300000-Per-Day.html,174000cbm carrier US Gulf-Europe route March 2026 +650% surge,ws1_prices
lng_charter_sep26_current,WORLD,LNG_carrier,spot_charter_rate,USD/day,2026-09-14,,NA,missing,NA,NA,Current September 2026 point rate not found in available searches; qualitative guidance (Poten & Partners) is rates stay 'depressed' into 2026/2027 on newbuild deliveries - gap flagged,ws1_prices
jp_crude_import_dep_ratio,JP,crude,import_dependency_ratio,fraction,2022-12-31,0.97,0.97,exact,hard,https://www.eia.gov/international/content/analysis/countries_long/Japan/,IEA/EIA: Japan met 97% of oil demand via imports in 2022; most sources cite ~99-100% given near-zero domestic production; treat as floor estimate,ws2_dependency
jp_crude_total_vol_2025,JP,crude,import_volume,kbd,2025-12-31,2360.0,2360,exact,est,https://www.argusmedia.com/en/news-and-insights/latest-market-news/2811107-japan-has-enough-oil-supply-to-last-into-next-year-pm,"Full-year 2025 average crude imports per govt data cited in press reporting; components: 2220 kbd Middle East, 90 kbd US, 50 kbd other",ws2_dependency
jp_crude_me_share_2025fy,JP,crude,pct_from_gulf_hormuz,pct,2025-12-31,94.1,94.1,exact,calc,https://www.argusmedia.com/en/news-and-insights/latest-market-news/2811107-japan-has-enough-oil-supply-to-last-into-next-year-pm,"calc: 2220/2360*100 = 94.1%, using FY2025 avg volumes from same source",ws2_dependency
jp_crude_me_share_2024,JP,crude,pct_from_gulf_hormuz,pct,2024-12-31,95.4,95.4,exact,est,https://capstonedc.com/insights/japans-crude-diversification-drive-presents-tailwinds-for-us-crude-exporters/,"Middle East sour crude share of Japan crude slate, 2024 full year",ws2_dependency
jp_crude_me_share_2025,JP,crude,pct_from_gulf_hormuz,pct,2025-12-31,93.5,93.5,exact,est,https://capstonedc.com/insights/japans-crude-diversification-drive-presents-tailwinds-for-us-crude-exporters/,"Middle East sour crude share of Japan crude slate, 2025 full year (down from 95.4% in 2024)",ws2_dependency
jp_crude_me_share_h1_2025,JP,crude,pct_from_gulf_hormuz,pct,2025-06-30,95.2,95.2,exact,hard,https://www.spglobal.com/energy/en/news-research/latest-news/lng/080525-japanese-refiners-recognize-need-to-reduce-95-middle-east-crude-dependency,METI data via S&P Global: Japan bought 2.299 mnb/d from ME suppliers of 2.415 mnb/d total refinery feedstock imports in H1 2025 (=95.2%),ws2_dependency
jp_crude_supplier_uae_h1_2025,JP,crude,supplier_share,pct,2025-06-30,44.0,44,exact,hard,https://www.spglobal.com/energy/en/news-research/latest-news/lng/080525-japanese-refiners-recognize-need-to-reduce-95-middle-east-crude-dependency,"UAE share of Japan crude imports, H1 2025, METI-sourced",ws2_dependency
jp_crude_supplier_sa_h1_2025,JP,crude,supplier_share,pct,2025-06-30,40.0,40,exact,hard,https://www.spglobal.com/energy/en/news-research/latest-news/lng/080525-japanese-refiners-recognize-need-to-reduce-95-middle-east-crude-dependency,"Saudi Arabia share of Japan crude imports, H1 2025, METI-sourced",ws2_dependency
jp_crude_supplier_kw_h1_2025,JP,crude,supplier_share,pct,2025-06-30,7.0,7,exact,hard,https://www.spglobal.com/energy/en/news-research/latest-news/lng/080525-japanese-refiners-recognize-need-to-reduce-95-middle-east-crude-dependency,"Kuwait share of Japan crude imports, H1 2025, METI-sourced",ws2_dependency
jp_crude_supplier_qa_h1_2025,JP,crude,supplier_share,pct,2025-06-30,4.0,4,exact,hard,https://www.spglobal.com/energy/en/news-research/latest-news/lng/080525-japanese-refiners-recognize-need-to-reduce-95-middle-east-crude-dependency,"Qatar share of Japan crude imports, H1 2025, METI-sourced",ws2_dependency
jp_crude_supplier_sa_oct2025,JP,crude,supplier_share,pct,2025-10-31,34.5,34.5,exact,est,https://www.arabnews.jp/en/business/article_159726/,"Saudi Arabia share of Japan crude imports, single-month Oct 2025 (monthly volatility illustrative, not annual)",ws2_dependency
jp_crude_supplier_uae_oct2025,JP,crude,supplier_share,pct,2025-10-31,46.5,46.5,exact,est,https://www.arabnews.jp/en/business/article_159726/,"UAE share of Japan crude imports, Oct 2025",ws2_dependency
jp_crude_supplier_qa_oct2025,JP,crude,supplier_share,pct,2025-10-31,5.4,5.4,exact,est,https://www.arabnews.jp/en/business/article_159726/,"Qatar share of Japan crude imports, Oct 2025",ws2_dependency
jp_crude_arab_share_oct2025,JP,crude,pct_from_gulf_hormuz,pct,2025-10-31,93.7,93.7,exact,est,https://www.arabnews.jp/en/business/article_159726/,"Combined UAE+Saudi+Kuwait+Qatar+Oman ('Arab nations') share of Japan crude imports, Oct 2025",ws2_dependency
jp_crude_uswti_vol_2025,JP,crude,import_volume_alt_source,kbd,2025-12-31,103.8,103.8,exact,est,https://www.spglobal.com/energy/en/news-research/latest-news/crude-oil/020326-japanese-refiners-us-crude-appetite-intact-despite-rising-sweet-crude-premiums,"Japan imports of light-sweet US WTI crude, 2025, ~2x 2024 volume (103,784 b/d)",ws2_dependency
jp_crude_me_share_apr2026,JP,crude,pct_from_gulf_hormuz,pct,2026-04-30,,NA,missing,est,https://www.indexbox.io/blog/japans-middle-east-crude-imports-hit-record-low-in-april-2026/,"Japan ME crude imports -67.2% y/y in April 2026 to 3.843 million kL, lowest since 1979 records began; % share of total not stated, volume only. Secondary aggregator (IndexBox) -- flag as lower-confidence, cross-check with METI/PAJ primary data recommended",ws2_dependency
jp_crude_me_share_jul2026,JP,crude,pct_from_gulf_hormuz,pct,2026-07-31,59.3,59.3,exact,est,https://www.nippon.com/en/japan-data/h02883/japan-crude-imports-recover-in-july-with-greater-reliance-on-us-oil.html,"Middle East share of Japan crude imports, July 2026, sharply down from ~95% pre-war as US crude fills gap",ws2_dependency
jp_crude_us_share_jul2026,JP,crude,supplier_share,pct,2026-07-31,36.3,36.3,exact,est,https://www.nippon.com/en/japan-data/h02883/japan-crude-imports-recover-in-july-with-greater-reliance-on-us-oil.html,"US share of Japan crude imports, July 2026 (4.4 million kL, >9x July 2025 level)",ws2_dependency
jp_crude_aug2026_recovery,JP,crude,import_volume_index,pct_of_2025_avg,2026-08-31,100.0,100,exact,est,https://finance.yahoo.com/energy/articles/japan-holds-off-oil-release-083000275.html,"Japan August 2026 crude import rate reported at ~100% of 2025 monthly average, i.e. volume recovery; composition still more diversified than pre-war",ws2_dependency
jp_crude_sep2026_outlook,JP,crude,import_volume_index,pct_of_normal,2026-09-30,80.0,80,exact,est,https://finance.yahoo.com/energy/articles/japan-holds-off-oil-release-083000275.html,Japan govt outlook: September 2026 crude imports expected ~80% of normal as Red Sea disruption lengthens tanker voyages; forward-looking estimate as of the as-of date,ws2_dependency
jp_spr_release_2026,JP,crude,spr_release_volume,mn_bbl,2026-03-16,80.0,80,exact,hard,https://www.eia.gov/todayinenergy/detail.php?id=67504,Japan SPR release begun 2026-03-16: ~80 mn bbl (15 days mandatory private reserves + 1 month national reserves); per shared brief baseline,ws2_dependency
jp_spr_stock_dec2025,JP,crude,spr_stock_level,mn_bbl,2025-12-31,263.0,263,exact,hard,https://www.eia.gov/todayinenergy/detail.php?id=67504,"Japan government-held strategic oil inventories, Dec 2025; third-largest strategic reserve holder globally after US and China",ws2_dependency
cn_crude_prewar_avg,CN,crude,import_volume,kbd,2025-02-27,11000.0,11000,exact,est,https://www.cnbc.com/2026/06/08/china-oil-iran-war-us-israel-energy-prices-strait-hormuz.html,"China crude imports averaged ~11 mnb/d over trailing 5 years pre-war baseline (approx, as cited in press analysis)",ws2_dependency
cn_crude_2q26,CN,crude,import_volume,kbd,2026-06-30,8100.0,8100,exact,hard,https://www.eia.gov/todayinenergy/detail.php?id=67905,"China 2Q26 crude imports 8.1 mnb/d, -32% q/q; May-June 2026 fell below 8.0 mnb/d, first time since 2016",ws2_dependency
cn_crude_aug2026,CN,crude,import_volume,kbd,2026-08-31,8930.0,8930,exact,hard,https://www.bloomberg.com/news/articles/2026-09-08/china-s-crude-imports-strengthen-as-refiners-diversify-supply,"China August 2026 crude imports 37.93 mn tonnes = 8.93 mnb/d, +6.2% m/m (2nd consecutive monthly rise), but still -23.4% y/y",ws2_dependency
cn_crude_8mo2026_yoy,CN,crude,import_volume_yoy_change,pct,2026-08-31,-14.6,-14.6,exact,hard,https://www.bloomberg.com/news/articles/2026-09-08/china-s-crude-imports-strengthen-as-refiners-diversify-supply,China Jan-Aug 2026 cumulative crude imports -14.6% y/y,ws2_dependency
cn_crude_domestic_prod_2025,CN,crude,domestic_production,kbd,2025-12-31,4300.0,4300,exact,est,https://www.ceicdata.com/en/indicator/china/crude-oil-production,"China domestic crude oil production, 2025, approx 4.3 mnb/d (oil+gas equivalent output 216 mn tonnes cited separately as record high, ~4.6 mnb/d oil-equiv)",ws2_dependency
cn_crude_supplier_ru_2025,CN,crude,supplier_share,pct,2025-12-31,17.8,17.8,exact,est,https://www.worldstopexports.com/top-15-crude-oil-suppliers-to-china/,"Russia share of China crude imports 2025: 745.98 mn bbl, $49.82bn, 17.8% of total",ws2_dependency
cn_crude_supplier_sa_2025,CN,crude,supplier_share,pct,2025-12-31,14.0,14,exact,est,https://www.worldstopexports.com/top-15-crude-oil-suppliers-to-china/,"Saudi Arabia share of China crude imports, 2025 full year",ws2_dependency
cn_crude_supplier_iq_2025,CN,crude,supplier_share,pct,2025-12-31,12.0,12,exact,est,https://www.worldstopexports.com/top-15-crude-oil-suppliers-to-china/,"Iraq share of China crude imports, 2025 full year",ws2_dependency
cn_crude_gulf5_combined_2025,CN,crude,pct_from_gulf_hormuz,pct,2025-12-31,36.1,36.1,exact,hard,https://www.worldstopexports.com/top-15-crude-oil-suppliers-to-china/,"Saudi Arabia+UAE+Kuwait+Qatar+Iraq combined = 1.50bn bbl, $111.91bn, 36.1% of China 2025 crude imports (does not include non-Gulf Iran flows)",ws2_dependency
cn_crude_espo_pipeline_cap,CN,crude,alt_supply_pipeline_capacity,kt_per_year,2025-12-31,35000.0,35000,exact,hard,https://www.spglobal.com/energy/en/research-analytics/espo-crude-oil-pipeline,"ESPO pipeline China branch combined capacity (two lines): ~35 mn tonnes/year (~700 kbd), Hormuz-independent",ws2_dependency
jp_lng_import_dep_ratio,JP,LNG,import_dependency_ratio,fraction,2024-12-31,1.0,1.0,exact,est,https://www.eia.gov/international/analysis/country/jpn,Japan has negligible domestic natural gas production; LNG imports effectively cover ~100% of gas supply (qualitative; no single hard % found),ws2_dependency
jp_lng_supplier_au_2023,JP,LNG,supplier_share,pct,2023-12-31,38.0,38,exact,est,https://www.orfonline.org/research/how-middle-east-turmoil-reverberates-through-japan-s-energy-system,"Australia share of Japan LNG imports, recent pre-war years, ~38%",ws2_dependency
jp_lng_supplier_my_2023,JP,LNG,supplier_share,pct,2023-12-31,16.0,16,exact,est,https://www.orfonline.org/research/how-middle-east-turmoil-reverberates-through-japan-s-energy-system,Malaysia share of Japan LNG imports,ws2_dependency
jp_lng_supplier_us_2023,JP,LNG,supplier_share,pct,2023-12-31,10.0,10,exact,est,https://www.orfonline.org/research/how-middle-east-turmoil-reverberates-through-japan-s-energy-system,US share of Japan LNG imports,ws2_dependency
jp_lng_supplier_ru_2023,JP,LNG,supplier_share,pct,2023-12-31,9.0,9,exact,est,https://www.orfonline.org/research/how-middle-east-turmoil-reverberates-through-japan-s-energy-system,Russia (Sakhalin-2) share of Japan LNG imports,ws2_dependency
jp_lng_me_share_2023,JP,LNG,pct_from_gulf_hormuz,pct,2023-12-31,11.0,11,exact,est,https://www.orfonline.org/research/how-middle-east-turmoil-reverberates-through-japan-s-energy-system,"Oman+Qatar+UAE combined share of Japan LNG imports, pre-war baseline",ws2_dependency
jp_lng_supplier_qa_fy2023,JP,LNG,supplier_share,pct,2024-03-31,4.4,4.4,exact,est,https://www.eia.gov/todayinenergy/detail.php?id=65584,"Qatar share of Japan LNG imports, FY2023",ws2_dependency
jp_lng_supplier_au_h1_2026,JP,LNG,supplier_share,pct,2026-06-30,42.0,42,exact,hard,https://ieefa.org/australian-gas-and-lng-tracker,"Australia share of Japan LNG imports, H1 2026 (near-record; 43% in H2 2023 was the record)",ws2_dependency
jp_lng_qatar_h1_2026_chg,JP,LNG,supplier_volume_change,pct_h_on_h,2026-06-30,-56.0,-56,exact,hard,https://ieefa.org/australian-gas-and-lng-tracker,"Japan LNG imports from Qatar fell 56% h/h in H1 2026 vs H2 2025, reflecting Hormuz disruption/Ras Laffan damage",ws2_dependency
jp_lng_total_vol_h1_2026_chg,JP,LNG,import_volume_change,pct_yoy,2026-06-30,-3.0,-3,exact,hard,https://ieefa.org/australian-gas-and-lng-tracker,"Japan total LNG imports H1 2026 -3% y/y, -5% vs prior six months",ws2_dependency
cn_lng_supplier_qa_2025,CN,LNG,supplier_volume,mn_tonnes,2025-12-31,20.4,20.4,exact,est,https://www.canadalnggroup.com/china-lng-imports-fall-as-supply-mix-shifts,"Qatar LNG volume to China 2025, became largest supplier",ws2_dependency
cn_lng_supplier_au_2025,CN,LNG,supplier_volume,mn_tonnes,2025-12-31,20.3,20.3,exact,est,https://www.canadalnggroup.com/china-lng-imports-fall-as-supply-mix-shifts,"Australia LNG volume to China 2025, 2nd largest",ws2_dependency
cn_lng_supplier_ru_2025,CN,LNG,supplier_volume,mn_tonnes,2025-12-31,7.5,7.5,exact,est,https://www.canadalnggroup.com/china-lng-imports-fall-as-supply-mix-shifts,"Russia LNG volume to China 2025, 3rd largest",ws2_dependency
cn_lng_supplier_my_2025,CN,LNG,supplier_volume,mn_tonnes,2025-12-31,7.1,7.1,exact,est,https://www.canadalnggroup.com/china-lng-imports-fall-as-supply-mix-shifts,"Malaysia LNG volume to China 2025, 4th largest",ws2_dependency
cn_lng_supplier_qa_share_jan_jul2026,CN,LNG,supplier_share,pct,2026-07-31,13.3,13.3,exact,hard,https://www.canadalnggroup.com/china-lng-imports-fall-as-supply-mix-shifts,"Qatar share of China LNG imports Jan-Jul 2026, down from ~2025 level as Hormuz closure halted bulk of Qatari exports",ws2_dependency
cn_lng_supplier_qa_chg_jan_jul2026,CN,LNG,supplier_volume_change,pct_yoy,2026-07-31,-57.6,-57.6,exact,hard,https://www.canadalnggroup.com/china-lng-imports-fall-as-supply-mix-shifts,China LNG imports from Qatar Jan-Jul 2026 -57.6% y/y to 4.7 mn tonnes,ws2_dependency
cn_lng_supplier_au_share_jan_jul2026,CN,LNG,supplier_share,pct,2026-07-31,35.6,35.6,exact,hard,https://ieefa.org/australian-gas-and-lng-tracker,"Australia share of China LNG imports Jan-Jul 2026, top supplier",ws2_dependency
cn_gas_import_dep_ratio,CN,gas,import_dependency_ratio,pct,2024-12-31,43.0,43,exact,est,https://jkempenergy.com/2025/07/19/chinas-strategy-to-de-risk-gas-imports/,China natural gas import dependence stabilized at ~43% of consumption since 2018,ws2_dependency
cn_gas_consumption_2025,CN,gas,total_consumption,bcm,2025-12-31,456.0,456,exact,est,https://www.aa.com.tr/en/energy/natural-gas/chinas-natural-gas-consumption-to-increase-by-65-in-2025/47087,"China natural gas consumption 2025, +6.5% y/y from 428 bcm in 2024",ws2_dependency
cn_gas_lng_imports_2025,CN,LNG,total_import_volume,bcm,2025-12-31,100.0,100,exact,est,https://www.mysteel.net/analysis/5113693-chinas-natural-gas-market-in-2026-fading-seasonality-and-a-rebalancing-of-lng-imports,"China LNG imports 2025, surpassing 100 bcm gas-equivalent",ws2_dependency
cn_gas_pipeline_imports_2025,CN,gas,pipeline_import_volume,bcm,2025-12-31,84.9,84.9,exact,est,https://www.mysteel.net/analysis/5113693-chinas-natural-gas-market-in-2026-fading-seasonality-and-a-rebalancing-of-lng-imports,China pipeline gas imports 2025 (Russia+Central Asia+Myanmar),ws2_dependency
cn_gas_pos1_2025,CN,gas,pipeline_volume_russia_pos1,bcm,2025-12-31,38.8,38.8,exact,hard,https://www.marketscreener.com/news/russia-s-gazprom-supplied-38-bcm-of-gas-to-china-in-2025-ce7e59dadf80fe2c,"Gazprom supplied 38.8 bcm to China via Power of Siberia 1 in 2025, above 38 bcm contracted volume",ws2_dependency
cn_gas_pos1_target,CN,gas,pipeline_capacity_target_russia_pos1,bcm_per_year,2025-12-31,44.0,44,exact,hard,https://www.csis.org/analysis/how-power-siberia-2-deal-could-reshape-global-energy,China-Russia agreed to raise Power of Siberia 1 capacity from 38 to 44 bcm/yr,ws2_dependency
cn_gas_pipeline_ru_share_2025,CN,gas,supplier_share_of_pipeline_gas,pct,2025-12-31,27.0,27,exact,est,https://www.energypolicy.columbia.edu/rising-production-consumption-show-china-is-gaining-ground-in-its-natural-gas-goals/,"Russian gas share of China's pipeline gas imports, 2025",ws2_dependency
cn_power_gas_share,CN,gas,power_generation_share,pct,2024-12-31,2.9,2.9,exact,hard,https://www.eia.gov/international/content/analysis/countries_long/China/pdf/China-2025.pdf,"Natural gas share of China electricity generation (272 TWh); EIA China Country Analysis Brief, May 2025 (underlying year likely 2023-2024, exact year not stated in snippet -- verify against primary EIA table)",ws2_dependency
cn_power_fossil_share_2025,CN,coal+gas+oil,power_generation_share,pct,2025-12-31,58.0,58,exact,est,https://ember-energy.org/countries-and-regions/china/,"Fossil fuels (coal+gas+oil combined) share of China electricity generation 2025, down from 62% in 2024; coal is the dominant component",ws2_dependency
jp_lpg_total_vol_2025,JP,LPG,import_volume,mn_tonnes,2025-12-31,10.46,10.46,exact,est,https://www.opis.com/blog/2026-outlook-asias-lpg-market-braces-for-oversupply-as-demand-growth-stalls/,"Japan LPG imports 2025, down slightly from 10.48 mn tonnes 2024",ws2_dependency
jp_lpg_me_share_current,JP,LPG,pct_from_gulf_hormuz,pct,2026-06-30,10.0,10,exact,est,https://asia.nikkei.com/business/energy/japan-household-propane-costs-to-rise-on-mideast-price-hikes,Middle East share of Japan LPG imports has fallen to ~10%; pre-war/historical baseline % not found in sourcing available (NA) -- North America+Australia now ~91% of imports,ws2_dependency
jp_lpg_nonme_share_current,JP,LPG,supplier_share_combined,pct,2026-06-30,91.0,91,exact,est,https://asia.nikkei.com/business/energy/japan-household-propane-costs-to-rise-on-mideast-price-hikes,"US+Canada+Australia combined share of Japan LPG imports, current",ws2_dependency
jp_lpg_households,JP,LPG,household_users,mn_households,2025-12-31,24.0,24,exact,est,https://www.j-lpgas.gr.jp/en/industry/index.html,"Japan LPG household users, ~24-25 mn households (~34% of all households; city gas covers ~65%)",ws2_dependency
cn_lpg_me_share_2025,CN,LPG,pct_from_gulf_hormuz,pct,2025-12-31,45.0,45,exact,est,https://www.drewry.co.uk/maritime-research-opinion-browser/maritime-research-opinions/chinas-lpg-imports-to-face-the-brunt-in-a-second-trade-war-scenario,China relied on the Middle East for ~45% of LPG imports in 2025,ws2_dependency
cn_lpg_supplier_uae_2024,CN,LPG,supplier_share,pct,2024-12-31,10.6,10.6,exact,est,https://www.hellenicshippingnews.com/lpg-shipping-chinas-imports-steady-through-the-year/,UAE share of China LPG imports 2024 (3.7 mn tonnes),ws2_dependency
cn_lpg_supplier_qa_2024,CN,LPG,supplier_share,pct,2024-12-31,7.0,7.0,exact,est,https://www.hellenicshippingnews.com/lpg-shipping-chinas-imports-steady-through-the-year/,Qatar share of China LPG imports 2024 (2.5 mn tonnes),ws2_dependency
cn_lpg_gcc_h1_2025_note,CN,LPG,supplier_volume_gcc_exports,mn_tonnes,2025-06-30,,NA,missing,est,https://www.opis.com/blog/tariff-imposition-distorts-us-asia-lpg-trade-while-india-forms-new-alliances/,"CONTRADICTION FLAG: one source cites GCC-wide H1 2025 exports (not China-specific) of UAE 6.8mnt/Qatar 4.9mnt/Saudi 3.1mnt -- these appear to be GCC total exports (all destinations), not China-specific imports; do not conflate with cn_lpg_supplier_* rows above which are China-specific 2024 annual",ws2_dependency
jp_naphtha_me_share_fy2024,JP,naphtha,pct_from_gulf_hormuz,pct,2024-03-31,74.0,74,exact,est,https://asia.nikkei.com/economy/trade/japan-narrows-naphtha-reliance-on-middle-east-as-supply-shifts-widen,Middle East share of Japan naphtha IMPORTS (not total naphtha supply) FY2024,ws2_dependency
jp_naphtha_me_share_2025_alt,JP,naphtha,pct_from_gulf_hormuz,pct,2025-12-31,60.0,60,exact,est,https://www.japantimes.co.jp/business/2026/04/11/economy/confusion-naphtha-supply-industries-households/,"Alternate estimate: ~60% of Japan's imported naphtha from Middle East, 2025 -- range 60-74% across sources, flag discrepancy",ws2_dependency
jp_naphtha_import_share_of_supply,JP,naphtha,import_share_of_total_supply,pct,2025-12-31,60.0,60,exact,est,https://www.japantimes.co.jp/business/2026/04/11/economy/confusion-naphtha-supply-industries-households/,"Share of Japan's total naphtha supply that is imported (rest refined domestically from crude, itself ~93-95% Middle East sourced)",ws2_dependency
cn_naphtha_import_vol_2025,CN,naphtha,import_volume,mn_tonnes,2025-12-31,16.8,16.8,exact,est,https://orfamerica.org/orf-america-comments/why-asia-cannot-replace-gulf-crude-easily,"China naphtha imports 2025 forecast, range cited 12-17 mn tonnes across sources",ws2_dependency
cn_naphtha_max_supplier_share,CN,naphtha,max_single_supplier_share,pct,2025-12-31,20.0,20,exact,est,https://orfamerica.org/orf-america-comments/why-asia-cannot-replace-gulf-crude-easily,China does not rely on any single naphtha supplier for more than ~20% of supply -- more diversified than Japan/South Korea,ws2_dependency
cn_methanol_iran_share_2025,CN,methanol,supplier_share,pct,2025-12-31,60.42,60.42,exact,hard,https://www.scmp.com/economy/china-economy/article/3345276/iran-war-could-significantly-disrupt-chinas-methanol-imports-analysts,Iran share of China methanol imports 2025 (8.73 mn tonnes of China's total imports),ws2_dependency
cn_methanol_iran_vol_2025,CN,methanol,supplier_volume,mn_tonnes,2025-12-31,8.73,8.73,exact,hard,https://www.scmp.com/economy/china-economy/article/3345276/iran-war-could-significantly-disrupt-chinas-methanol-imports-analysts,"China methanol imports from Iran, 2025",ws2_dependency
cn_methanol_disruption_2026,CN,methanol,monthly_supply_loss,kt_per_month,2026-03-31,800.0,800,exact,est,https://discoveryalert.com/china-methanol-imports-disruption-2026/,"Estimated 700,000-900,000 tonnes/month removed from global methanol balance after March 2026 collapse of Iranian exports; midpoint used",ws2_dependency
world_methanol_hormuz_share,WORLD,methanol,pct_seaborne_trade_via_hormuz,pct,2026-02-28,35.0,35,exact,est,https://www.sunsirs.com/commodity-news/petail-31121.html,Strait of Hormuz share of global seaborne methanol trade,ws2_dependency
cn_meg_consumption_2025,CN,MEG,total_consumption,mn_tonnes,2025-12-31,28.18,28.18,exact,est,https://chemicalmarketanalytics.com/insights/trade-friction-reshapes-global-meg-trade-flow/,"China MEG consumption 2025, ~68% of global demand",ws2_dependency
cn_meg_us_share_2024,CN,MEG,supplier_share,pct,2024-12-31,12.5,12.5,exact,est,https://ishtarcompany.com/articles/complete-information-on-monoethylene-glycol-exports/,US share of China MEG imports 2024 (3rd-ranked supplier); Saudi Arabia ranked largest supplier but exact % share NA -- not found in available sourcing,ws2_dependency
me_meg_exports_2025,WORLD,MEG,me_export_volume,mn_tonnes,2025-12-31,6.5,6.5,exact,est,https://chemicalmarketanalytics.com/insights/trade-friction-reshapes-global-meg-trade-flow/,"Middle East MEG exports 2025, >6.5 mn tonnes, much of it destined for China (China-specific volume NA)",ws2_dependency
jp_urea_supplier_my,JP,urea,supplier_share,pct,2025-12-31,63.0,63,exact,est,https://www.indexbox.io/store/japan-urea-market-analysis-forecast-size-trends-and-insights/,"Malaysia share of Japan urea import value, latest available; Japan has minimal domestic urea production, overwhelmingly import-dependent",ws2_dependency
cn_urea_export_capacity,CN,urea,production_capacity,mn_tonnes_per_year,2025-12-31,77.0,77,exact,est,https://www.bcinsight.crugroup.com/2024/05/31/chinese-urea-exports/,"China urea production capacity >77-81 mn t/yr; China is a NET EXPORTER, not import-dependent (opposite exposure profile to Japan)",ws2_dependency
cn_urea_export_quota_2025,CN,urea,export_volume,mn_tonnes,2025-12-31,4.0,4,exact,hard,https://www.icis.com/explore/resources/news/2026/03/31/11193709/insight-china-faces-critical-fertilizers-decisions-amid-mideast-conflict/,"China urea export quota range 3.5-4.6 mn tonnes/yr policy band, 2025-27; China restricts rather than needs urea imports",ws2_dependency
world_ammonia_trade_2025,WORLD,ammonia,global_trade_volume,mn_tonnes,2025-12-31,10.9,10.9,exact,est,https://www.rystadenergy.com/news/beyond-oil-strait-of-hormuz-power-struggle-threatens-fertilizer-and-ammonia-trade,"Global ammonia trade 2025, down from 12.3 mn tonnes 2024 -- global figure, not JP/CN specific; JP/CN individual ammonia import dependency NA in available sourcing",ws2_dependency
world_urea_trade_impacted_2025,WORLD,urea,trade_volume_from_impacted_suppliers,mn_tonnes,2025-12-31,10.6,10.6,exact,est,https://www.rystadenergy.com/news/beyond-oil-strait-of-hormuz-power-struggle-threatens-fertilizer-and-ammonia-trade,"Of 50.8 Mtpa global urea trade 2025, ~10.6 Mtpa from Saudi Arabia/Qatar/UAE (impacted suppliers) -- global figure, not JP/CN specific",ws2_dependency
cn_sulphur_total_imports_2025,CN,sulphur,import_volume,mn_tonnes,2025-12-31,9.6,9.6,exact,hard,https://www.icis.com/explore/resources/news/2026/03/31/11193709/insight-china-faces-critical-fertilizers-decisions-amid-mideast-conflict/,"China total sulphur imports, 2025",ws2_dependency
cn_sulphur_me_share_2025_a,CN,sulphur,pct_from_gulf_hormuz,pct,2025-12-31,50.0,50,exact,est,https://www.icis.com/explore/resources/news/2026/03/31/11193709/insight-china-faces-critical-fertilizers-decisions-amid-mideast-conflict/,~Half of China's 9.6 mn tonnes 2025 sulphur imports from Middle East (ICIS estimate),ws2_dependency
cn_sulphur_me_share_2025_b,CN,sulphur,pct_from_gulf_hormuz,pct,2025-12-31,56.2,56.2,exact,est,https://www.spglobal.com/energy/en/news-research/latest-news/agriculture/050726-global-sulfur-prices-surge-on-middle-east-disruptions-china-export-ban,"Alternate estimate: Middle East = 56.20% of China sulphur imports 2025 (S&P Global) -- discrepancy vs ICIS ~50% figure noted, both retained, true value likely 50-56%",ws2_dependency
cn_sulfuric_acid_exports_2025,CN,sulphur,derivative_export_volume_sulfuric_acid,mn_tonnes,2025-12-31,4.6,4.6,exact,est,https://kingquenson.com/china-sulfuric-acid-export-restrictions-global-supply-chain-crisis/,China sulfuric acid exports 2025,ws2_dependency
cn_sulfuric_acid_exports_2026f,CN,sulphur,derivative_export_volume_sulfuric_acid,mn_tonnes,2026-12-31,1.2,1.2,exact,est,https://kingquenson.com/china-sulfuric-acid-export-restrictions-global-supply-chain-crisis/,"China sulfuric acid exports projected 2026, cut to preserve sulphur for domestic fertilizer use",ws2_dependency
jp_nuclear_operating_reactors,JP,nuclear,operating_reactor_count,count,2026-02-09,15.0,15,exact,hard,https://www.jaif.or.jp/cms_admin/wp-content/uploads/2026/03/jp-npps-operation20260309_en.pdf,"Japan operating nuclear reactors as of restart of Kashiwazaki-Kariwa Unit 6, 2026-02-09; combined capacity 33 GW; JAIF operational status report dated 2026-03-09",ws2_dependency
jp_nuclear_operable_fleet,JP,nuclear,operable_reactor_count,count,2026-03-09,32.0,32,exact,hard,https://www.jaif.or.jp/cms_admin/wp-content/uploads/2026/03/jp-npps-operation20260309_en.pdf,"Japan total operable reactor fleet: 15 operating, 3 with initial NRA approval, 6 under review, 8 with no restart application filed",ws2_dependency
jp_power_gas_share,JP,gas,power_generation_share,pct,2025-12-31,31.0,31,exact,est,https://www.woodmac.com/blogs/the-edge/walking-japans-energy-tightrope/,"LNG/gas share of Japan power generation mix, ~31-34% depending on source/year (range flagged)",ws2_dependency
jp_power_coal_share,JP,coal,power_generation_share,pct,2025-12-31,28.0,28,exact,est,https://www.woodmac.com/blogs/the-edge/walking-japans-energy-tightrope/,"Coal share of Japan power generation mix, ~28-32% range across sources",ws2_dependency
jp_power_nuclear_share,JP,nuclear,power_generation_share,pct,2025-12-31,10.0,10,exact,est,https://www.woodmac.com/blogs/the-edge/walking-japans-energy-tightrope/,"Nuclear share of Japan power generation mix, ~10%, rising as reactors restart",ws2_dependency
jp_power_solar_share,JP,solar,power_generation_share,pct,2025-12-31,11.0,11,exact,est,https://www.woodmac.com/blogs/the-edge/walking-japans-energy-tightrope/,"Solar share of Japan power generation mix, ~11%",ws2_dependency
cn_coal_reserves,CN,coal,proven_reserves,short_tons,2023-12-31,173107864710.0,173107864710,exact,hard,https://www.worldometers.info/coal/china-coal/,"China proven coal reserves 2023, #3 globally, 13.5% of world total",ws2_dependency
cn_coal_production_2025,CN,coal,domestic_production,bn_tonnes,2025-12-31,5.2,5.2,exact,est,https://www.capitalfm.co.ke/news/2026/02/china-energy-self-sufficiency-2026/,"China domestic coal output 2025, +1.2% y/y",ws2_dependency
cn_coal_imports_2024,CN,coal,import_volume,short_tons,2024-12-31,598316037.0,598316037,exact,hard,https://www.worldometers.info/coal/china-coal/,"China coal imports 2024, ~11% of consumption",ws2_dependency
cn_energy_selfsufficiency_2025,CN,all_energy,self_sufficiency_rate,pct,2025-12-31,84.4,84.4,exact,est,https://www.chinadaily.com.cn/a/202602/03/WS6981ddcea310d6866eb37431.html,China overall energy self-sufficiency rate 2025,ws2_dependency
cn_energy_selfsufficiency_2026f,CN,all_energy,self_sufficiency_rate,pct,2026-12-31,84.6,84.6,exact,est,https://www.capitalfm.co.ke/news/2026/02/china-energy-self-sufficiency-2026/,"China energy self-sufficiency rate, 2026 projection",ws2_dependency
qa_lng_capacity_loss,QA,LNG,export_capacity_loss,pct,2026-03-19,17.0,17,exact,hard,https://naturalgasintel.com/news/qatarenergy-says-damage-at-lng-facilities-could-take-years-to-repair-upending-supply-outlook/,"Iranian missile strikes 2026-03-18/19 damaged Ras Laffan Trains 4 & 6 (12.8 mtpa), -17% of Qatar LNG export capacity, ~$20bn/yr revenue loss",ws2_dependency
qa_lng_repair_timeline,QA,LNG,repair_timeline,years,2026-03-19,5.0,5,exact,est,https://www.aa.com.tr/en/middle-east/damaged-qatar-lng-facility-may-take-up-to-5-years-to-recover/3878909,"Estimated repair timeline for damaged Ras Laffan trains, up to 5 years, due to large-frame gas turbine supply chain constraints (only 3 global manufacturers, 2-4 yr lead times)",ws2_dependency
qa_lng_force_majeure,QA,LNG,force_majeure_buyers_affected,list,2026-03-25,,NA,missing,hard,https://www.newsonair.gov.in/qatarenergy-declares-force-majeure-after-missile-strikes,"QatarEnergy declared force majeure on LNG contracts with buyers in China, South Korea, Italy, Belgium",ws2_dependency
hormuz_reroute_extra_days,WORLD,tanker,extra_voyage_days_per_leg,days,2026-06-01,12.0,12,exact,est,https://straits.live/cape-of-good-hope-reroute,Cape of Good Hope reroute adds ~10-14 days per leg vs direct Hormuz transit; midpoint used; round trip extends 35-45 days to 55-70 days (~1/3 less fleet availability),ws2_dependency
war_risk_premium_jul2026,WORLD,tanker,war_risk_premium,pct_hull_value,2026-07-31,8.75,8.75,exact,est,https://www.thenationalnews.com/business/2026/07/17/war-risk-shipping-premium-surges-again-as-tensions-escalate-at-strait-of-hormuz/,"War risk insurance for Hormuz transits, 7.5-10% of hull value late Jul/Aug 2026 (midpoint used) -- UPDATE vs shared brief baseline of ~1% by late March/April 2026: premia re-escalated substantially since spring",ws2_dependency
us_lng_export_capacity_2026,US,LNG,export_capacity,bcf_per_day,2026-12-31,19.0,19,exact,hard,https://www.eia.gov/todayinenergy/detail.php?id=68064,"US LNG export capacity rising from ~17 Bcf/d (end 2025) to >19 Bcf/d in 2026 (Corpus Christi Stage 3 +0.6 Bcf/d, Golden Pass +1.4 then +0.7 Bcf/d)",ws2_dependency
us_lng_exports_1h2026_chg,US,LNG,export_volume_change,pct_yoy,2026-06-30,23.0,23,exact,hard,https://www.eia.gov/todayinenergy/detail.php?id=68064,US LNG exports rose 23% y/y in H1 2026 on higher capacity,ws2_dependency
JP_GDP_QOQ_ANN,JP,GDP,real GDP QoQ annualized,pct,2026-03-31,2.1,2.1,exact,hard,https://www.cnbc.com/2026/05/19/japan-first-quarter-gdp-economy-inflation-energy.html,Q1 2026 preliminary (1st release 2026-05-19); beat consensus 1.7%,ws3_macro
JP_GDP_QOQ_ANN,JP,GDP,real GDP QoQ annualized,pct,2026-03-31,1.8,1.8,exact,hard,http://www.china.org.cn/world/Off_the_Wire/2026-06/08/content_118536904.shtml,Q1 2026 revised (2nd release 2026-06-08); capex revised down to -0.7% QoQ,ws3_macro
JP_GDP_QOQ,JP,GDP,real GDP QoQ,pct,2026-03-31,0.45,0.45,exact,hard,http://www.china.org.cn/world/Off_the_Wire/2026-06/08/content_118536904.shtml,Q1 2026 revised QoQ (down from initial 0.51%),ws3_macro
JP_GDP_QOQ_ANN,JP,GDP,real GDP QoQ annualized,pct,2026-06-30,1.1,1.1,exact,hard,https://www.cnbc.com/2026/08/17/japan-gdp-misses-estimates-trade-exports-yen-nikkei.html,Q2 2026 preliminary (2026-08-17); missed 2.0% consensus; private consumption flat; net trade contributed positively. SINGLE MOST IMPORTANT DATAPOINT per brief.,ws3_macro
JP_GDP_QOQ,JP,GDP,real GDP QoQ,pct,2026-06-30,0.3,0.3,exact,hard,https://www.tmgm.com/en/analysis/market-news/article/japans-gdp-grows-03-qoq-in-q2-2026-vs-05-expected-202608162353,Q2 2026 flash vs 0.5% expected,ws3_macro
JP_GDP_QOQ,JP,GDP,real GDP QoQ,pct,2026-06-30,0.4,0.4,exact,hard,https://www.fxstreet.com/news/japans-gdp-grows-03-qoq-in-q2-2026-vs-05-expected-202608162353,Q2 2026 apparent later revision vs flash 0.3% cited in same piece as headline 0.3% - internal contradiction in aggregator source; treat cautiously,ws3_macro
CN_GDP_YOY,CN,GDP,real GDP YoY,pct,2026-03-31,5.0,5.0,exact,hard,https://www.stats.gov.cn/english/PressRelease/202604/t20260416_1963326.html,Q1 2026 NBS; accelerated from Q4 2025 4.5%; GDP 33.4trn yuan,ws3_macro
CN_GDP_QOQ,CN,GDP,real GDP QoQ (SA),pct,2026-03-31,1.3,1.3,exact,hard,https://www.focus-economics.com/countries/china/news/gdp/china-national-accounts-17-07-2026-economic-growth-decelerates-in-the-second-quarter-of-2026/,Q1 2026 QoQ,ws3_macro
CN_GDP_YOY,CN,GDP,real GDP YoY,pct,2026-06-30,4.3,4.3,exact,hard,https://www.focus-economics.com/countries/china/news/gdp/china-national-accounts-17-07-2026-economic-growth-decelerates-in-the-second-quarter-of-2026/,Q2 2026; weakest since Q4 2022; missed 4.5% consensus; below 4.5-5.0% annual target floor. KEY DATAPOINT.,ws3_macro
CN_GDP_QOQ,CN,GDP,real GDP QoQ (SA),pct,2026-06-30,0.9,0.9,exact,hard,https://www.focus-economics.com/countries/china/news/gdp/china-national-accounts-17-07-2026-economic-growth-decelerates-in-the-second-quarter-of-2026/,Q2 2026 QoQ; matched expectations but eased from 1.3% Q1,ws3_macro
JP_IP_YOY,JP,industrial production,industrial production index YoY,pct,2026-07-31,4.1,4.1,exact,hard,https://aninews.in/news/business/japans-industrial-output-rises-for-fourth-consecutive-quarter-up-01-mom20260831105722/,"METI; 4th consecutive monthly rise; driven by production machinery, chemicals, electronic parts",ws3_macro
JP_IP_MOM,JP,industrial production,industrial production index MoM,pct,2026-07-31,0.1,0.1,exact,hard,https://aninews.in/news/business/japans-industrial-output-rises-for-fourth-consecutive-quarter-up-01-mom20260831105722/,Index level 104.7 (2020=100),ws3_macro
JP_IP_FCST,JP,industrial production,METI manufacturer survey forecast MoM,pct,2026-08-31,6.4,6.4,exact,est,https://aninews.in/news/business/japans-industrial-output-rises-for-fourth-consecutive-quarter-up-01-mom20260831105722/,FORECAST not realized data - METI survey of manufacturers for Aug,ws3_macro
JP_IP_FCST,JP,industrial production,METI manufacturer survey forecast MoM,pct,2026-09-30,-4.2,-4.2,exact,est,https://aninews.in/news/business/japans-industrial-output-rises-for-fourth-consecutive-quarter-up-01-mom20260831105722/,FORECAST not realized data - METI survey of manufacturers for Sept,ws3_macro
CN_IP_YOY,CN,industrial production,value-added industrial output YoY,pct,2026-03-31,6.1,6.1,exact,hard,https://global.chinadaily.com.cn/a/202604/16/WS69e042f4a310d6866eb43c35.html,Q1 2026 cumulative; 1.1pp faster than Q4 2025,ws3_macro
CN_IP_YOY,CN,industrial production,industrial output YoY,pct,2026-06-30,5.3,5.3,exact,hard,https://wmbdradio.com/2026/08/17/chinas-july-industrial-output-grew-4-5-y-y-retail-sales-up-0-6/,June 2026 print (cited as prior month in July release),ws3_macro
CN_IP_YOY,CN,industrial production,industrial output YoY,pct,2026-07-31,4.5,4.5,exact,hard,https://www.cnbc.com/2026/08/17/china-economy-sales-investment-july-.html,July 2026; missed 5% forecast; deceleration from June. Aug 2026 print not located - GAP,ws3_macro
JP_CPI_HEADLINE_YOY,JP,CPI,headline CPI YoY,pct,2026-01-31,1.5,1.5,exact,hard,https://www.cnbc.com/2026/03/24/japan-cpi-inflation-february-.html,Jan 2026 - pre-war baseline (war started 2026-02-28),ws3_macro
JP_CPI_HEADLINE_YOY,JP,CPI,headline CPI YoY,pct,2026-02-28,1.3,1.3,exact,hard,https://www.cnbc.com/2026/03/24/japan-cpi-inflation-february-.html,Feb 2026; lowest since March 2022; price data still mostly pre-shock (energy shock hits from March),ws3_macro
JP_CPI_CORE_YOY,JP,CPI,core CPI (ex fresh food) YoY,pct,2026-01-31,2.0,2.0,exact,hard,https://www.cnbc.com/2026/03/24/japan-cpi-inflation-february-.html,Jan 2026 pre-war baseline,ws3_macro
JP_CPI_CORE_YOY,JP,CPI,core CPI (ex fresh food) YoY,pct,2026-02-28,1.6,1.6,exact,hard,https://www.cnbc.com/2026/03/24/japan-cpi-inflation-february-.html,Feb 2026; missed 1.7% forecast,ws3_macro
JP_CPI_CORECORE_YOY,JP,CPI,core-core CPI (ex food & energy) YoY,pct,2026-02-28,2.5,2.5,exact,hard,https://www.cnbc.com/2026/03/24/japan-cpi-inflation-february-.html,Feb 2026,ws3_macro
JP_CPI_CORE_YOY,JP,CPI,core CPI (ex fresh food) YoY,pct,2026-06-30,1.6,1.6,exact,hard,https://www.cnbc.com/2026/08/21/japan-inflation-iran-war-energy.html,June 2026,ws3_macro
JP_CPI_CORE_YOY,JP,CPI,core CPI (ex fresh food) YoY,pct,2026-07-31,1.8,1.8,exact,hard,https://www.cnbc.com/2026/08/21/japan-inflation-iran-war-energy.html,July 2026; highest since Jan 2026; still below BOJ 2% target (7th straight month below target); govt fuel subsidies offsetting some pass-through,ws3_macro
JP_CPI_CORECORE_YOY,JP,CPI,core-core CPI (ex fresh food & energy) YoY,pct,2026-06-30,1.7,1.7,exact,hard,https://www.cnbc.com/2026/08/21/japan-inflation-iran-war-energy.html,June 2026; softest since Aug 2022,ws3_macro
JP_CPI_CORECORE_YOY,JP,CPI,core-core CPI (ex fresh food & energy) YoY,pct,2026-07-31,1.9,1.9,exact,hard,https://www.cnbc.com/2026/08/21/japan-inflation-iran-war-energy.html,July 2026; fastest in 3 months - demand-driven price gauge accelerating,ws3_macro
CN_CPI_YOY,CN,CPI,CPI YoY,pct,2026-07-31,0.5,0.5,exact,hard,https://www.cnbc.com/2026/09/09/china-cpi-ppi-august-oil-prices-tech-manufacturing-.html,July 2026 (cited as prior in Aug release),ws3_macro
CN_CPI_YOY,CN,CPI,CPI YoY,pct,2026-08-31,0.8,0.8,exact,hard,https://www.cnbc.com/2026/09/09/china-cpi-ppi-august-oil-prices-tech-manufacturing-.html,Aug 2026; matched 0.8% forecast; MoM +0.4%,ws3_macro
CN_CPI_CORE_YOY,CN,CPI,core CPI (ex food & energy) YoY,pct,2026-08-31,1.0,1.0,exact,hard,https://www.cnbc.com/2026/09/09/china-cpi-ppi-august-oil-prices-tech-manufacturing-.html,Aug 2026; up from 0.9% July,ws3_macro
CN_CPI_TRANSPORT_YOY,CN,CPI,CPI transport sub-index YoY,pct,2026-08-31,2.5,2.5,exact,hard,https://www.cnbc.com/2026/09/09/china-cpi-ppi-august-oil-prices-tech-manufacturing-.html,Aug 2026; up sharply from 0.4% July - fuel price and travel demand pass-through,ws3_macro
CN_PPI_YOY,CN,PPI,producer price index YoY,pct,2026-08-31,3.8,3.8,exact,hard,https://www.cnbc.com/2026/09/09/china-cpi-ppi-august-oil-prices-tech-manufacturing-.html,Aug 2026; exceeded expectations; attributed to energy costs from Middle East conflict plus memory-chip shortage,ws3_macro
JP_CGPI_YOY,JP,CGPI (PPI),corporate goods price index YoY,pct,2026-07-31,7.7,7.7,exact,hard,https://investinglive.com/news/japan-wholesale-inflation-stays-hot-in-august-cements-case-for-boj-hike/,"July 2026, upwardly revised",ws3_macro
JP_CGPI_YOY,JP,CGPI (PPI),corporate goods price index YoY,pct,2026-08-31,7.6,7.6,exact,hard,https://investinglive.com/news/japan-wholesale-inflation-stays-hot-in-august-cements-case-for-boj-hike/,Aug 2026; topped 7.4% forecast; near 3.5-year highs on energy/commodity costs,ws3_macro
JP_CGPI_MOM,JP,CGPI (PPI),corporate goods price index MoM,pct,2026-08-31,-0.2,-0.2,exact,hard,https://investinglive.com/news/japan-wholesale-inflation-stays-hot-in-august-cements-case-for-boj-hike/,"First monthly decline in a year, reversing +0.4% July",ws3_macro
JP_IMPORT_PRICE_YOY,JP,import prices,import price index YoY,pct,2026-08-31,24.8,24.8,exact,hard,https://www.tradingview.com/news/seekingalpha:56b36b5ae094b:0-japan-s-august-ppi-rises-7-6-y-y-exceeding-expectations-manufacturer-sentiment-rebounds-to-highest-level-since-2021/,Aug 2026; reflects yen weakness plus energy/commodity cost pass-through,ws3_macro
JP_TRADE_BALANCE,JP,trade,trade balance,JPY bn,2026-06-30,-409.9,-409.9,exact,hard,https://www.japantimes.co.jp/business/2026/07/22/economy/japan-trade-deficit-june/,June 2026 (released 2026-07-22); deficit widened on yen weakness and Iran-war-inflated import costs,ws3_macro
JP_TRADE_BALANCE,JP,trade,trade balance,JPY bn,2026-07-31,-634.5,-634.5,exact,hard,https://www.investing.com/economic-calendar/trade-balance-1005,July 2026 (released 2026-08-19); vs forecast -680.0bn,ws3_macro
CN_EXPORTS_YOY,CN,trade,exports YoY (USD),pct,2026-07-31,23.9,23.9,exact,hard,https://www.cnbc.com/2026/09/08/china-exports-imports-august-trade-rebalance-demand-surplus-.html,July 2026 (cited as prior),ws3_macro
CN_EXPORTS_YOY,CN,trade,exports YoY (USD),pct,2026-08-31,25.0,25.0,exact,hard,https://www.cnbc.com/2026/09/08/china-exports-imports-august-trade-rebalance-demand-surplus-.html,"Aug 2026; high-tech >50% of export growth; IC exports approx +130% YoY; exports to US +34.4%, EU +6.6%",ws3_macro
CN_IMPORTS_YOY,CN,trade,imports YoY (USD),pct,2026-08-31,28.0,28.0,exact,hard,https://www.cnbc.com/2026/09/08/china-exports-imports-august-trade-rebalance-demand-surplus-.html,"Aug 2026; missed expectations despite large headline rise. NOTE: value growth inflated by higher commodity/oil prices, not necessarily volumes; domestic demand described as tepid",ws3_macro
CN_TRADE_BALANCE,CN,trade,trade surplus,USD bn,2026-07-31,112.5,112.5,exact,hard,https://www.cnbc.com/2026/09/08/china-exports-imports-august-trade-rebalance-demand-surplus-.html,July 2026,ws3_macro
CN_TRADE_BALANCE,CN,trade,trade surplus,USD bn,2026-08-31,119.0,119.0,exact,hard,https://www.cnbc.com/2026/09/08/china-exports-imports-august-trade-rebalance-demand-surplus-.html,Aug 2026,ws3_macro
JP_PMI_MFG,JP,PMI,au Jibun Bank manufacturing PMI,index,2026-07-31,54.5,54.5,exact,hard,https://tradingeconomics.com/japan/manufacturing-pmi/news/527190,July 2026 final (revised down from flash 54.7); 7th month of expansion; new orders rose most in 4.5 years on AI-related demand. Aug 2026 print not located - GAP,ws3_macro
CN_PMI_MFG_NBS,CN,PMI,NBS official manufacturing PMI,index,2026-07-31,49.2,49.2,exact,hard,https://news.metal.com/newscontent/104087023-national-bureau-of-statistics-nbs-august-manufacturing-pmi-at-498-up-06-percentage-points-from-previous-month-prosperity-level-rebounded,July 2026 (prior month reference in Aug release),ws3_macro
CN_PMI_MFG_NBS,CN,PMI,NBS official manufacturing PMI,index,2026-08-31,49.8,49.8,exact,hard,https://www.stats.gov.cn/english/PressRelease/202609/t20260901_1965170.html,Aug 2026; still sub-50 (contraction) but improved; beat 49.7 forecast,ws3_macro
CN_PMI_NEWORDERS_NBS,CN,PMI,NBS manufacturing new orders sub-index,index,2026-08-31,50.6,50.6,exact,hard,https://www.stats.gov.cn/english/PressRelease/202609/t20260901_1965170.html,Aug 2026; back into expansion from 48.5 July,ws3_macro
CN_PMI_INPUTPRICE_NBS,CN,PMI,NBS manufacturing input price sub-index,index,2026-08-31,56.6,56.6,exact,hard,https://www.stats.gov.cn/english/PressRelease/202609/t20260901_1965170.html,"Aug 2026; 3-month high, up from 53.2 July",ws3_macro
CN_PMI_MFG_CAIXIN,CN,PMI,Caixin/RatingDog manufacturing PMI,index,2026-07-31,50.9,50.9,exact,hard,https://investinglive.com/news/china-data-ratingdog-manufacturing-pmi-august-2026-vs-expected-50-9-prior-50-9/,July 2026; 4-month low,ws3_macro
CN_PMI_MFG_CAIXIN,CN,PMI,Caixin/RatingDog manufacturing PMI,index,2026-08-31,51.5,51.5,exact,hard,https://www.indexbox.io/blog/china-manufacturing-pmi-rises-to-515-in-august-beating-expectations/,Aug 2026; beat 51.0 forecast; new orders 15th straight month of growth; output prices fell for first time in 2026 (margin squeeze despite rising input costs),ws3_macro
JP_RETAIL_SALES_YOY,JP,retail sales,retail sales YoY,pct,2026-04-30,2.5,2.5,exact,hard,https://tradingeconomics.com/japan/retail-sales-annual/news/537585,April 2026; down from 2.7% March. May-Aug 2026 prints not located - GAP,ws3_macro
CN_RETAIL_SALES_YOY,CN,retail sales,retail sales of consumer goods YoY,pct,2026-03-31,2.4,2.4,exact,hard,https://global.chinadaily.com.cn/a/202604/16/WS69e042f4a310d6866eb43c35.html,Q1 2026 cumulative,ws3_macro
CN_RETAIL_SALES_YOY,CN,retail sales,retail sales YoY,pct,2026-06-30,1.0,1.0,exact,hard,https://wmbdradio.com/2026/08/17/chinas-july-industrial-output-grew-4-5-y-y-retail-sales-up-0-6/,June 2026 (cited as prior),ws3_macro
CN_RETAIL_SALES_YOY,CN,retail sales,retail sales YoY,pct,2026-07-31,0.6,0.6,exact,hard,https://www.cnbc.com/2026/08/17/china-economy-sales-investment-july-.html,July 2026; missed 1.5% forecast; auto sales -17.0% YoY; ex-auto +2.5%,ws3_macro
CN_RETAIL_SALES_CUM_YOY,CN,retail sales,retail+services sales YoY (Jan-Jul cumulative),pct,2026-07-31,2.6,2.6,exact,hard,https://english.www.gov.cn/archive/statistics/202608/17/content_WS6a82b953c6d00ca5f9a0ca39.html,"Jan-Jul 2026 cumulative; services +5.0%, goods +1.1%",ws3_macro
JP_REALWAGE_YOY,JP,wages,real wages YoY,pct,2026-06-30,1.6,1.6,exact,hard,https://www.mhlw.go.jp,June 2026 preliminary (released 2026-08-05); nominal total cash earnings +3.4% YoY to JPY531677,ws3_macro
JP_REALWAGE_YOY,JP,wages,real wages YoY,pct,2026-07-31,1.0,1.0,exact,est,https://tradingeconomics.com/japan/wage-growth/news/461251,"July 2026; deceleration from June - source is aggregator, recommend cross-check vs MHLW primary release",ws3_macro
JP_NOMWAGE_YOY,JP,wages,nominal total cash earnings YoY,pct,2026-06-30,3.4,3.4,exact,hard,https://www.mhlw.go.jp,June 2026 preliminary; level JPY531677,ws3_macro
USDJPY,WORLD,FX,USD/JPY spot,JPY per USD,2026-09-11,153.49,153.49,exact,hard,https://www.xe.com/en-us/currencycharts/?from=USD&to=JPY,"Yen strengthened 3.73% over prior month; still down (weaker) 3.98% YoY. Pre-war (Feb 2026) baseline level not located in search results - GAP, needs MOF/BOJ primary check",ws3_macro
USDJPY,WORLD,FX,USD/JPY spot,JPY per USD,2026-09-09,153.455,153.455,exact,hard,https://www.xe.com/en-us/currencycharts/?from=USD&to=JPY,Recent September low print,ws3_macro
USDCNY,WORLD,FX,USD/CNY spot,CNY per USD,2026-02-28,6.9082,6.9082,exact,hard,https://www.valutafx.com/history/usd-cny-2026,Feb 2026 monthly average - pre-war baseline (war started 2026-02-28),ws3_macro
USDCNY,WORLD,FX,USD/CNY spot,CNY per USD,2026-03-31,6.8925,6.8925,exact,hard,https://www.valutafx.com/history/usd-cny-2026,March 2026 monthly average,ws3_macro
USDCNY,WORLD,FX,USD/CNY spot,CNY per USD,2026-09-14,6.707,6.7070,exact,hard,https://tradingeconomics.com/china/currency,"Sept 14 2026 spot; implies yuan appreciated approx 2.9% vs Feb/Mar 2026 baseline despite the oil shock - counterintuitive for a terms-of-trade-negative shock, flag for cross-check against PBOC fixing data",ws3_macro
CN_CRUDEIMPORTS,CN,crude oil,crude oil imports,mn barrels/day,2026-05-31,7.8,7.8,exact,hard,https://www.eia.gov/todayinenergy/detail.php?id=67905,May 2026,ws3_macro
CN_CRUDEIMPORTS,CN,crude oil,crude oil imports,mn barrels/day,2026-06-30,6.4,6.4,exact,hard,https://www.bloomberg.com/news/articles/2026-06-09/china-s-oil-imports-plunge-to-eight-year-low-on-war-disruptions,June 2026; lowest since Oct 2016; -18% MoM,ws3_macro
CN_CRUDEIMPORTS,CN,crude oil,crude oil imports,mn tonnes,2026-07-31,47.2,47.2,exact,hard,https://www.itiger.com/hans/news/2565328572,July 2026 (approx 11.14 mb/d equivalent per search synthesis - conversion is est),ws3_macro
CN_CRUDEIMPORTS,CN,crude oil,crude oil imports,mn tonnes,2026-08-31,49.49,49.49,exact,hard,https://www.itiger.com/hans/news/2565328572,"Aug 2026; +4.9% MoM, +0.8% YoY (approx 11.65 mb/d); near-full recovery in volume terms ahead of the 2026-09-11 pipeline shutdown",ws3_macro
JP_CRUDEIMPORTS_ARABSHARE,JP,crude oil,share of crude imports from Arab (Gulf) nations,pct,2026-02-28,94.2,94.2,exact,hard,https://www.arabnews.jp/en/business/article_167167/,Feb 2026 - pre-war baseline,ws3_macro
JP_CRUDEIMPORTS_ARABSHARE,JP,crude oil,share of crude imports from Arab (Gulf) nations,pct,2026-05-31,73.9,73.9,exact,hard,https://www.arabnews.jp/en/business/article_173200/,"May 2026; total imports 45.93mn bbl; UAE 44.2%, Saudi 27.8%, Oman 1.8%; balance from US 22.4%, Russia 1.7%, Azerbaijan 1.4%, Brunei 0.7%",ws3_macro
JP_REFINERY_UTIL,JP,refining,PAJ refinery utilization,pct of designed capacity,2026-03-28,72.5,72.5,exact,hard,https://www.sahmcapital.com/news/content/japanese-refinery-runs-down-to-725-on-a-weekly-basis-2026-04-01,Week to approx Mar 28 2026; down from over 80% pre-war,ws3_macro
JP_REFINERY_UTIL,JP,refining,PAJ refinery utilization,pct of designed capacity,2026-04-04,67.7,67.7,exact,hard,https://www.hydrocarbonprocessing.com/news/2026/04/japanese-refinery-runs-at-lowest-since-june-2025-on-middle-east-supply-crisis/,Week to Apr 4 2026; lowest since June 2025,ws3_macro
JP_REFINERY_UTIL,JP,refining,PAJ refinery utilization,pct of designed capacity,2026-05-02,77.3,77.3,exact,hard,https://www.spglobal.com/commodity-insights/en/news-research/latest-news/crude-oil/051320-japan-data-may-3-9-crude-runs-fall-to-229-mil-bd-65-of-capacity-paj,Week to May 2 2026,ws3_macro
JP_REFINERY_UTIL,JP,refining,PAJ refinery utilization,pct of designed capacity,2026-05-09,73.3,73.3,exact,hard,https://oilprice.com/Latest-Energy-News/World-News/Japans-Refinery-Utilization-Hits-73-as-Strategic-Oil-Stocks-Flow-In.html,Week to May 9 2026; SPR releases (from 2026-03-16) supporting runs,ws3_macro
CN_TEAPOT_UTIL_SHANDONG,CN,refining,Shandong independent (teapot) refinery utilization,pct,2026-06-30,50.76,50.76,exact,hard,https://www.indexbox.io/blog/chinese-independent-refiners-shift-from-iranian-to-gulf-crude-amid-widening-discounts/,"June 2026; -2.38pp MoM; 3 refiners (290kbd combined capacity) scheduled for July maintenance, adding further pressure",ws3_macro
JP_LNG_IMPORTS_YOY,JP,LNG,LNG imports YoY,pct,2026-06-30,-7.0,-7,exact,hard,https://finance.yahoo.com/energy/articles/japans-lng-imports-fall-7-080000079.html,Quarter to June 2026; utilities substituting toward coal on price grounds,ws3_macro
JP_GAS_GENERATION,JP,electricity,gas-fired electricity generation,TWh,2026-06-30,17.3,17.3,exact,hard,https://www.energyconnects.com/news/utilities/2026/july/japan-cuts-gas-in-favor-of-coal-as-hormuz-disruption-chokes-lng/,June 2026; -16% YoY,ws3_macro
JP_COAL_GENERATION_YOY,JP,electricity,coal-fired electricity generation YoY,pct,2026-06-30,4.6,4.6,exact,hard,https://www.energyconnects.com/news/utilities/2026/july/japan-cuts-gas-in-favor-of-coal-as-hormuz-disruption-chokes-lng/,June 2026; substitution away from LNG,ws3_macro
JP_KEROSENE_PRICE,JP,kerosene,kerosene price,JPY/kg,2026-04-30,214.95,214.95,exact,hard,https://www.procurementresource.com/resource-center/kerosene-price-trends,April 2026,ws3_macro
JP_KEROSENE_PRICE,JP,kerosene,kerosene price,JPY/kg,2026-05-31,179.02,179.02,exact,hard,https://www.procurementresource.com/resource-center/kerosene-price-trends,May 2026; -16.7% MoM,ws3_macro
CN_STEEL_PROD_YOY,CN,steel,crude steel production YoY,pct,2026-02-28,-3.6,-3.6,exact,hard,https://gmk.center/en/news/china-has-committed-to-reducing-its-steel-production-capacity-by-2026/,"Jan-Feb 2026 combined (160.3mt); predates the war (started 2026-02-28) so driven by capacity-control policy, NOT the Iran shock",ws3_macro
CN_CEMENT_PROD_YOY,CN,cement,cement output YoY,pct,2026-03-31,-21.0,-21,exact,hard,https://energyandcleanair.org/china-energy-and-emissions-trends-march-2026-snapshot/,"March 2026; lowest for the period since 2020; primarily attributed to the property-sector downturn, only partly energy-cost related",ws3_macro
NAPHTHA_PRICE_ASIA,WORLD,naphtha,Asia naphtha cargo price,USD/tonne,2026-05-01,1300.0,1300,exact,hard,https://www.agbi.com/petrochemicals/2026/03/premiums-surge-as-iran-war-disrupts-asias-naphtha-supply/,First-half May 2026 cargoes; nearly double pre-war level; +60% since war start,ws3_macro
WARRISK_PREMIUM,WORLD,shipping,war-risk insurance premium (Hormuz transit),pct of hull value,2026-07-22,8.75,8.75,exact,hard,https://www.thenationalnews.com/business/2026/07/17/war-risk-shipping-premium-surges-again-as-tensions-escalate-at-strait-of-hormuz/,Range 7.5-10% quoted late July 2026 (midpoint used); renewed surge vs brief's approx 1% late March/April reading - premia re-escalated over summer 2026; no September reading located post the 2026-09-11/09-13 escalations - GAP,ws3_macro
BOJ_OUTLOOK_GDP_FY26,JP,GDP forecast,BOJ Outlook Report real GDP forecast FY2026,pct,2026-04-30,0.5,0.5,exact,est,https://www.boj.or.jp/en/mopo/outlook/gor2604b.pdf,BOJ April 2026 Outlook Report (policy board median),ws3_macro
BOJ_OUTLOOK_GDP_FY26,JP,GDP forecast,BOJ Outlook Report real GDP forecast FY2026,pct,2026-07-31,0.6,0.6,exact,est,https://www.boj.or.jp/en/mopo/outlook/gor2607b.pdf,BOJ July 2026 Outlook Report; raised slightly on AI-related demand plus energy costs easing from peak,ws3_macro
BOJ_OUTLOOK_CPI_FY26,JP,CPI forecast,BOJ Outlook Report core CPI forecast FY2026,pct,2026-04-30,2.8,2.8,exact,est,https://www.boj.or.jp/en/mopo/outlook/gor2604b.pdf,BOJ April 2026 Outlook Report,ws3_macro
BOJ_OUTLOOK_CPI_FY26,JP,CPI forecast,BOJ Outlook Report core CPI forecast FY2026,pct,2026-07-31,2.5,2.5,exact,est,https://www.boj.or.jp/en/mopo/outlook/gor2607b.pdf,BOJ July 2026 Outlook Report; cut from 2.8% as oil eased from March peak toward the June ceasefire talk,ws3_macro
CABOFFICE_GDP_FY26,JP,GDP forecast,Cabinet Office real GDP growth forecast FY2026,pct,2026-01-31,1.3,1.3,exact,est,https://www5.cao.go.jp/keizai3/getsurei-e/index-e.html,January 2026 forecast (pre-war baseline),ws3_macro
CABOFFICE_GDP_FY26,JP,GDP forecast,Cabinet Office real GDP growth forecast FY2026,pct,2026-07-30,0.9,0.9,exact,est,https://www.japantimes.co.jp/business/2026/07/30/economy/economic-outlook-trim/,Cut from 1.3% (Jan) citing elevated oil prices; oil price assumption raised to USD92.5/bbl from USD68/bbl,ws3_macro
CABOFFICE_OIL_ASSUMPTION,JP,oil price assumption,Cabinet Office crude oil price assumption used in forecast,USD/bbl,2026-07-30,92.5,92.5,exact,est,https://www.japantimes.co.jp/business/2026/07/30/economy/economic-outlook-trim/,Up from USD68/bbl prior assumption,ws3_macro
IMF_GLOBAL_GDP,WORLD,GDP forecast,IMF global growth forecast 2026,pct,2026-04-30,3.1,3.1,exact,est,https://www.imf.org/-/media/files/publications/weo/2026/april/english/ch1.pdf,IMF April 2026 WEO,ws3_macro
IMF_GLOBAL_GDP,WORLD,GDP forecast,IMF global growth forecast 2026,pct,2026-07-31,3.0,3.0,exact,est,https://www.imf.org/-/media/files/publications/weo/2026/update/july/english/text.pdf,IMF July 2026 WEO Update; cut citing lingering Iran-war energy shock effects,ws3_macro
IMF_CN_GDP,CN,GDP forecast,IMF China growth forecast 2026,pct,2026-04-30,4.4,4.4,exact,est,https://www.aljazeera.com/economy/2026/7/9/imf-cuts-2026-world-growth-forecast-citing-iran-war-fallout,"IMF April 2026 WEO per secondary reporting; CONTRADICTS the 4.6% figure attributed to the same IMF July update elsewhere in the same article - flag discrepancy, verify against primary WEO table",ws3_macro
IMF_CN_GDP,CN,GDP forecast,IMF China growth forecast 2026,pct,2026-07-09,4.6,4.6,exact,est,https://www.aljazeera.com/economy/2026/7/9/imf-cuts-2026-world-growth-forecast-citing-iran-war-fallout,IMF July 2026 WEO Update per Al Jazeera reporting,ws3_macro
IMF_JP_GDP,JP,GDP forecast,IMF Japan growth forecast 2026,pct,2026-07-09,0.6,0.6,exact,est,https://www.aljazeera.com/economy/2026/7/9/imf-cuts-2026-world-growth-forecast-citing-iran-war-fallout,IMF July 2026 WEO Update (calendar year; not directly comparable to BOJ/Cabinet Office fiscal-year figures),ws3_macro
OECD_GLOBAL_GDP,WORLD,GDP forecast,OECD global growth forecast 2026,pct,2026-06-03,2.8,2.8,exact,est,https://qz.com/oecd-global-growth-forecast-middle-east-conflict-energy-060326,"OECD June 2026 outlook; down from 3.4% in 2025, warns of deepest slowdown in 40yr outside COVID/GFC if conflict prolongs. No China/Japan-specific OECD figures located - GAP",ws3_macro
GS_CN_GDP,CN,GDP forecast,Goldman Sachs China GDP forecast 2026,pct,2026-01-01,4.3,4.3,exact,est,https://www.gspublishing.com/content/research/en/reports/2026/01/04/3c617d10-bb6d-42a9-8e10-478a67e476af.html,"Original GS 2026 outlook, published approx Dec 2025/Jan 2026, PRE-WAR baseline",ws3_macro
GS_CN_GDP,CN,GDP forecast,Goldman Sachs China GDP forecast 2026 (revised),pct,2026-09-01,4.8,4.8,exact,est,https://x.com/GoldmanSachs/status/2011075763387142266,"Later revision UP despite the oil shock, driven by AI/tech export resilience; exact publish date of revision could not be confirmed - treat cautiously",ws3_macro
jp_stock_total_days_iea_baseline,JP,crude,stock_days_total,days_iea_basis,2025-01-31,204.0,204,exact,hard,https://www.eia.gov/todayinenergy/detail.php?id=67504,Pre-war baseline per shared brief; IEA net-import-cover basis; 120 national+76 private+7 joint,ws5_reserves
jp_stock_national_days_iea_baseline,JP,crude,stock_days_national,days_iea_basis,2025-01-31,120.0,120,exact,hard,https://www.eia.gov/todayinenergy/detail.php?id=67504,IEA basis pre-war baseline,ws5_reserves
jp_stock_private_days_iea_baseline,JP,crude,stock_days_private_mandatory,days_iea_basis,2025-01-31,76.0,76,exact,hard,https://www.eia.gov/todayinenergy/detail.php?id=67504,IEA basis pre-war baseline,ws5_reserves
jp_stock_joint_days_iea_baseline,JP,crude,stock_days_joint,days_iea_basis,2025-01-31,7.0,7,exact,hard,https://www.eia.gov/todayinenergy/detail.php?id=67504,IEA basis pre-war baseline; joint reserves with Saudi Aramco/UAE/Kuwait,ws5_reserves
jp_stock_total_days_domestic,JP,crude,stock_days_total,days_domestic_law_basis,2025-12-31,254.0,254,exact,hard,https://opengov.jp/en/economy/energy/petroleum-reserves/,"Pre-war, Japan Oil Stockpiling Act (domestic-sales) basis, NOT IEA basis -- differs materially from IEA-basis figure above; national 146d+private 101d+joint 7d",ws5_reserves
jp_stock_national_days_domestic,JP,crude,stock_days_national,days_domestic_law_basis,2025-12-31,146.0,146,exact,hard,https://opengov.jp/en/economy/energy/petroleum-reserves/,ANRE/METI domestic-law basis,ws5_reserves
jp_stock_private_days_domestic,JP,crude,stock_days_private_actual,days_domestic_law_basis,2025-12-31,101.0,101,exact,hard,https://opengov.jp/en/economy/energy/petroleum-reserves/,"Actual private-sector holdings, above the then-70-day legal minimum",ws5_reserves
jp_stock_joint_days_domestic,JP,crude,stock_days_joint,days_domestic_law_basis,2025-12-31,7.0,7,exact,hard,https://opengov.jp/en/economy/energy/petroleum-reserves/,"13mn bbl joint reserve with Saudi Aramco (Kiire/Okinawa), UAE, Kuwait",ws5_reserves
jp_stock_total_days_endjan26,JP,crude,stock_days_total,days_domestic_law_basis,2026-01-31,248.0,248,exact,hard,https://www.nippon.com/en/japan-data/h02732/,72.89mn kL (~458mn bbl at 6.29 bbl/kL) total; ~8 months; first month of war already reflected,ws5_reserves
jp_stock_total_volume_endjan26,JP,crude,stock_volume_total,mn_bbl,2026-01-31,458.0,458,exact,calc,https://www.nippon.com/en/japan-data/h02732/,calc: 72.89mn kL x 6.29 bbl/kL,ws5_reserves
jp_release_first_tranche_total,JP,crude,release_volume,mn_bbl,2026-03-16,80.0,80,exact,hard,https://www.meti.go.jp/english/press/2026/0316_003.html,"First (largest-ever) release: 15 days private-obligation relief + ~1 month (30d/8.5mn kL) national crude, begins 2026-03-16",ws5_reserves
jp_release_national_first_kl,JP,crude,release_volume_national,mn_kL,2026-03-24,8.5,8.5,exact,hard,https://www.meti.go.jp/english/press/2026/0324_001.html,~1 month/30 days national crude release confirmed,ws5_reserves
jp_private_obligation_floor_reduced,JP,crude,private_stockpile_obligation,days,2026-03-16,55.0,55,exact,hard,https://www.meti.go.jp/english/press/2026/0316_003.html,"Legal minimum cut from 70d to 55d (15-day relief), initially 1 month",ws5_reserves
jp_private_obligation_floor_pre,JP,crude,private_stockpile_obligation,days,2025-12-31,70.0,70,exact,hard,https://www.meti.go.jp/english/press/2026/0316_003.html,Pre-war statutory minimum,ws5_reserves
jp_release_second_national_days,JP,crude,release_volume_national,days,2026-04-15,20.0,20,exact,hard,https://www.meti.go.jp/english/press/2026/0415_002.html,"Second round of national reserve release, ~20 days worth, distributed from 2026-05-01 via JOGMEC (10 bases) to ENEOS/Idemitsu Kosan/Cosmo Oil/Taiyo Oil",ws5_reserves
jp_stock_national_days_apr26,JP,crude,stock_days_national,days_domestic_law_basis,2026-04-30,131.0,131,exact,est,https://discoveryalert.com.au/strategic-petroleum-reserve-energy-security-2026/,"Post first release, pre second release; secondary aggregator, cross-check vs METI primary not confirmed",ws5_reserves
jp_stock_private_days_apr26,JP,crude,stock_days_private_actual,days_domestic_law_basis,2026-04-30,81.0,81,exact,est,https://discoveryalert.com.au/strategic-petroleum-reserve-energy-security-2026/,"Actual private holdings, above new 55d floor -> 26 days freely usable above floor",ws5_reserves
jp_stock_joint_days_apr26,JP,crude,stock_days_joint,days_domestic_law_basis,2026-04-30,3.0,3,exact,est,https://discoveryalert.com.au/strategic-petroleum-reserve-energy-security-2026/,After ~5 days drawn from 7-day joint reserve in March,ws5_reserves
jp_joint_reserve_volume,JP,crude,stock_volume_joint,mn_bbl,2026-03-31,13.0,13,exact,hard,https://www.thestandard.com.hk/world/article/327540/Japan-to-tap-joint-oil-stockpiles-PM-says-with-no-end-seen-to-supply-crisis,Total joint reserve with Saudi Aramco/UAE/Kuwait = 7 days; ~5 days worth drawn by end-March 2026,ws5_reserves
jp_private_obligation_maintained,JP,crude,private_stockpile_obligation,days,2026-06-15,55.0,55,exact,hard,https://www.meti.go.jp/english/press/2026/0615_005.html,Confirms 15-day relief (70->55) still in force as of 15 June 2026; latest confirmed level found in this search pass,ws5_reserves
jp_stock_national_days_sep26,JP,crude,stock_days_national,days_domestic_law_basis,2026-09-14,,NA,missing,est,https://www.meti.go.jp/english/press/2026/0615_005.html,No official day-count found post-June 2026 in this search pass (METI ~2-month publication lag); NA -- gap,ws5_reserves
jp_refinery_utilization,JP,all_products,refinery_utilization,pct_of_capacity,2026-05-09,73.3,73.3,exact,hard,https://oilprice.com/Latest-Energy-News/World-News/Japans-Refinery-Utilization-Hits-73-as-Strategic-Oil-Stocks-Flow-In.html,"Week to 9 May 2026, up from crisis-low levels on alt-crude sourcing + stockpile releases; no Sept 2026 figure found",ws5_reserves
jp_naphtha_import_share,JP,naphtha,import_share_of_supply,pct,2024-12-31,60.0,60,exact,hard,https://oilprice.com/Latest-Energy-News/World-News/Naphtha-Shortage-Forces-Japanese-Petrochemical-Producers-to-Curb-Output.html,"2024 baseline; of which 73.6% from Middle East, >40% of total naphtha supply exposed to Hormuz",ws5_reserves
jp_naphtha_price_change,JP,naphtha,price_change,pct,2026-04-30,60.0,60,exact,est,https://www.prismnews.com/news/naphtha-shortage-from-hormuz-blockade-disrupts-japan-and,"Naphtha price +60% since Hormuz blockade began; crackers cutting run rates, stocks structurally only a few weeks deep",ws5_reserves
jp_lng_utility_stock,JP,LNG,stock_volume_utilities,mn_tonnes,2026-01-04,2.3,2.3,exact,hard,https://www.argusmedia.com/en/news-and-insights/latest-market-news/2772657-japan-utilities-keep-lng-stocks-above-average-into-2026,"23% above Jan-2025, 12.2% above 2021-25 5yr avg for end-Jan",ws5_reserves
jp_lng_utility_stock_apr,JP,LNG,stock_volume_utilities,mn_tonnes,2026-04-12,2.29,2.29,exact,est,https://www.argusmedia.com/en/news-and-insights/latest-market-news/2814206-lng-stocks-at-japan-s-power-utilities-rise,Broadly flat vs Jan level despite war disruption -- diversified non-Gulf sourcing (US/Australia/Malaysia) largely insulated utility tanks through Q1-Q2,ws5_reserves
jp_lng_weeks_of_use_typical,JP,LNG,stock_weeks_of_use,weeks,2026-07-31,,NA,missing,est,https://www.spglobal.com/energy/en/news-research/latest-news/lng/073126-japans-jera-secures-sufficient-lng-stocks-for-aug-to-oct-despite-heat-waves,No precise weeks-of-use figure sourced for mid-2026; commonly-cited normative range (IEEFA and prior METI commentary) is ~2-3 weeks of utility LNG cover; JERA states stocks 'sufficient' Aug-Oct 2026 despite heat-driven draws; NA for a hard 2026 weeks-of-use number,ws5_reserves
jp_jkm_price,WORLD,LNG,spot_price_jkm,usd_per_mmbtu,2026-09-09,24.685,24.685,exact,hard,https://tradingeconomics.com/commodity/liquefied-natural-gas-japan-korea,"+117.87% y/y; indicates LNG market tightness even where physical utility tank stocks read 'sufficient' -- rationing via price, not yet via volume, as of this reading",ws5_reserves
jp_lpg_national_reserve,JP,LPG,stock_days_national,days,2026-09-14,,NA,missing,est,NA,"Japan operates a dedicated national LPG stockpile system (est. ~50-day target per general METI/Cabinet Office program design) but no current 2026 verified day-count or mn-tonne figure was found within this session's search budget; NA -- gap, flagged for follow-up",ws5_reserves
cn_crude_stock_total,CN,crude,stock_volume_total,mn_bbl,2026-01-01,1400.0,1400,exact,est,https://projectfifty4.com/china-strategic-petroleum-reserve-2026/,Entering 2026; Kpler/Vortexa/EIA-derived (China does not publish SPR data); ~360mn bbl government-held + ~1000mn bbl commercial,ws5_reserves
cn_crude_stock_government,CN,crude,stock_volume_government,mn_bbl,2026-01-01,360.0,360,exact,est,https://projectfifty4.com/china-strategic-petroleum-reserve-2026/,"Government/SPR-held portion, est",ws5_reserves
cn_crude_stock_commercial,CN,crude,stock_volume_commercial,mn_bbl,2026-01-01,1000.0,1000,exact,est,https://projectfifty4.com/china-strategic-petroleum-reserve-2026/,"Commercial (refiner/trader) portion, est",ws5_reserves
cn_crude_stock_days_cover,CN,crude,stock_days_total,days_import_cover_est,2026-01-01,121.0,121,exact,est,https://projectfifty4.com/china-strategic-petroleum-reserve-2026/,"Combined govt+commercial days of import cover, analyst est, vs IEA's 90-day member benchmark (China not an IEA member)",ws5_reserves
cn_gas_storage_capacity,CN,natural_gas,working_storage_capacity,bcm,2024-12-31,34.0,34,exact,hard,https://www.cedigaz.org/the-golden-age-of-chinas-gas-storage/,End-2024 underground gas storage working capacity,ws5_reserves
cn_gas_storage_capacity_2026est,CN,natural_gas,working_storage_capacity,bcm,2026-12-31,67.45,67.45,exact,est,https://oilprice.com/Latest-Energy-News/World-News/China-Leads-Worlds-Underground-Gas-Storage-Buildup.html,"Low-confidence aggregator estimate for 2026; conflicts with the more conservative 55-60bcm 2025 plan target cited elsewhere -- flagged as uncertain, use range 34-67bcm",ws5_reserves
cn_gas_storage_plan_target,CN,natural_gas,working_storage_capacity_plan,bcm,2025-12-31,60.0,60,exact,est,https://www.cedigaz.org/the-golden-age-of-chinas-gas-storage/,Stated government plan range 55-60bcm by 2025 (upper bound used),ws5_reserves
cn_crude_import_feb26,CN,crude,import_rate,mb/d,2026-02-28,11.39,11.39,exact,est,https://discoveryalert.com.au/china-oil-stockpile-drawdown-market-reckoning-2026/,Kpler/vessel-tracking est; used as pre-war-adjacent baseline anchor (war started 2026-02-28),ws5_reserves
cn_crude_import_may26,CN,crude,import_rate,mb/d,2026-05-31,6.36,6.36,exact,est,https://discoveryalert.com.au/china-oil-stockpile-drawdown-market-reckoning-2026/,Trough month; Kpler/vessel-tracking est,ws5_reserves
cn_refinery_runs_may26,CN,crude,refinery_throughput,mb/d,2026-05-31,13.5,13.5,exact,est,https://discoveryalert.com.au/china-oil-stockpile-drawdown-market-reckoning-2026/,Implies ~7.1mb/d gap bridged entirely by stock draws in May 2026 -- single largest national stockpile deployment episode on record per source,ws5_reserves
cn_crude_import_q2_customs,CN,crude,import_rate,mb/d,2026-06-30,8.1,8.1,exact,hard,https://www.eia.gov/todayinenergy/detail.php?id=67905,"GACC customs data, Q2-2026 average, -32% q/q",ws5_reserves
cn_crude_stock_draw_jun26,CN,crude,stock_draw_rate,mb/d,2026-06-10,1.0,1.0,exact,est,https://www.bloomberg.com/news/articles/2026-06-10/china-taps-commercial-oil-stockpiles-to-help-weather-gulf-shock,"Vortexa/Kpler/Energy Aspects est., 'coming months' draw rate, ~1/3 of the missing (Hormuz-related) crude volume",ws5_reserves
cn_crude_import_sep26,CN,crude,import_rate,mb/d,2026-09-14,7.2,7.2,exact,est,https://oilprice.com/Latest-Energy-News/World-News/Chinas-Crude-Imports-Set-to-Hold-at-72-Million-Bpd-in-September.html,"Kpler preliminary vessel-tracking, ~flat vs August; partial recovery from Q2 trough but still well below Feb baseline",ws5_reserves
cn_crude_shortfall_sep26,CN,crude,import_shortfall,mb/d,2026-09-14,4.19,4.19,exact,calc,https://oilprice.com/Latest-Energy-News/World-News/Chinas-Crude-Imports-Set-to-Hold-at-72-Million-Bpd-in-September.html,calc: 11.39 (Feb baseline) - 7.2 (Sept) = 4.19mb/d; NOTE this differs materially from the Bloomberg-cited ~1mb/d 'draw rate' because imports partly recovered and refiners cut runs rather than fully offsetting the gap with stock draws -- see Uncertainties,ws5_reserves
cn_gasoline_export_jul26,CN,gasoline,export_volume,kt,2026-07-31,,NA,missing,est,https://tanktransport.com/2026/05/global-refinery-crunch/,"Gasoline exports +320% m/m in July as curbs eased but still -55.3% y/y; signals partial easing of the March export-freeze, in tension with a 'depleting toward minimums' narrative -- flagged contradiction",ws5_reserves
cn_export_curbs_start,CN,gasoline_diesel,export_policy,binary,2026-03-01,1.0,1,exact,hard,https://www.cfr.org/articles/china-and-climate-china-suspends-oil-exports-amid-iran-war,"China instructs top diesel/gasoline exporters to halt exports (informal directive), prioritising domestic supply",ws5_reserves
iea_collective_release_total,WORLD,crude_and_products,emergency_release_agreed,mn_bbl,2026-03-11,400.0,400,exact,hard,https://www.iea.org/news/update-on-iea-collective-action-decision-of-11-march-2026,"Largest IEA collective action in history (6th ever, after 1991/2005/2011/2022x2); Asia-Oceania members release immediately, Americas/Europe from end-March",ws5_reserves
iea_us_spr_share,US,crude,emergency_release_committed,mn_bbl,2026-03-11,172.0,172,exact,hard,https://www.cnbc.com/2026/03/11/iea-oil-reserves-crude-prices-iran-g7-energy.html,"Single largest national contribution, from US SPR",ws5_reserves
iea_members_remaining_public,WORLD,crude_and_products,emergency_stock_remaining_public,mn_bbl,2026-03-11,1200.0,1200,exact,est,https://www.euronews.com/business/2026/03/11/germany-and-japan-to-tap-oil-reserves-as-iea-and-g7-weigh-record-release,>1.2bn bbl of public emergency stocks remained across IEA members as of the March release decision; a further 600mn bbl of industry-held stocks under government obligation. No post-release running total found for Sept 2026 -- NA/gap,ws5_reserves
jp_total_stock_days,JP,crude,stock_days_total,days_domestic_law_basis,2025-12-31,254.0,254,exact,hard,https://opengov.jp/en/economy/energy/petroleum-reserves/,Pre-war: national146+private101+joint7,ws5_stock_timeseries
jp_total_stock_days,JP,crude,stock_days_total,days_domestic_law_basis,2026-01-31,248.0,248,exact,hard,https://www.nippon.com/en/japan-data/h02732/,First month of war reflected; 72.89mn kL,ws5_stock_timeseries
jp_total_stock_days,JP,crude,stock_days_total,days_domestic_law_basis,2026-04-30,215.0,215,exact,est,https://discoveryalert.com.au/strategic-petroleum-reserve-energy-security-2026/,"national131+private81+joint3, post first release, secondary aggregator",ws5_stock_timeseries
jp_total_stock_days,JP,crude,stock_days_total,days_domestic_law_basis,2026-09-14,,NA,missing,est,NA,"No official day-count found post-June 2026 within search budget; METI publishes with ~2-month lag so latest available at time of writing would be ~July 2026 data, not located",ws5_stock_timeseries
jp_national_release_cumulative,JP,crude,national_release_cumulative,days,2026-03-16,30.0,30,exact,hard,https://www.meti.go.jp/english/press/2026/0324_001.html,"First tranche, ~1 month/8.5mn kL",ws5_stock_timeseries
jp_national_release_cumulative,JP,crude,national_release_cumulative,days,2026-05-01,50.0,50,exact,hard,https://www.meti.go.jp/english/press/2026/0415_002.html,"calc: 30d (Mar) + 20d (2nd round, flowing from 1 May) cumulative",ws5_stock_timeseries
jp_private_obligation_floor,JP,crude,private_stockpile_obligation,days,2025-12-31,70.0,70,exact,hard,https://www.meti.go.jp/english/press/2026/0316_003.html,Pre-war statutory minimum,ws5_stock_timeseries
jp_private_obligation_floor,JP,crude,private_stockpile_obligation,days,2026-03-16,55.0,55,exact,hard,https://www.meti.go.jp/english/press/2026/0316_003.html,Cut by 15 days,ws5_stock_timeseries
jp_private_obligation_floor,JP,crude,private_stockpile_obligation,days,2026-06-15,55.0,55,exact,hard,https://www.meti.go.jp/english/press/2026/0615_005.html,Confirmed maintained at reduced level; latest confirmation found,ws5_stock_timeseries
jp_refinery_utilization,JP,all_products,refinery_utilization,pct_of_capacity,2026-05-09,73.3,73.3,exact,hard,https://oilprice.com/Latest-Energy-News/World-News/Japans-Refinery-Utilization-Hits-73-as-Strategic-Oil-Stocks-Flow-In.html,Week to 9 May 2026; no later reading located,ws5_stock_timeseries
jp_lng_utility_stock,JP,LNG,stock_volume_utilities,mn_tonnes,2026-01-04,2.3,2.30,exact,hard,https://www.argusmedia.com/en/news-and-insights/latest-market-news/2772657-japan-utilities-keep-lng-stocks-above-average-into-2026,23% above Jan-2025,ws5_stock_timeseries
jp_lng_utility_stock,JP,LNG,stock_volume_utilities,mn_tonnes,2026-04-12,2.29,2.29,exact,est,https://www.argusmedia.com/en/news-and-insights/latest-market-news/2814206-lng-stocks-at-japan-s-power-utilities-rise,Broadly flat vs Jan,ws5_stock_timeseries
jp_lng_utility_stock,JP,LNG,stock_volume_utilities,mn_tonnes,2026-07-31,,NA,missing,est,https://www.spglobal.com/energy/en/news-research/latest-news/lng/073126-japans-jera-secures-sufficient-lng-stocks-for-aug-to-oct-despite-heat-waves,JERA describes stocks as 'sufficient' Aug-Oct despite heat-driven draws; no mn-tonne figure captured,ws5_stock_timeseries
jp_jkm_price,WORLD,LNG,spot_price_jkm,usd_per_mmbtu,2026-09-09,24.685,24.685,exact,hard,https://tradingeconomics.com/commodity/liquefied-natural-gas-japan-korea,+117.87% y/y -- market-tightness proxy where physical tank data is sparse,ws5_stock_timeseries
cn_crude_import_rate,CN,crude,import_rate,mb/d,2026-02-28,11.39,11.39,exact,est,https://discoveryalert.com.au/china-oil-stockpile-drawdown-market-reckoning-2026/,Pre-war-adjacent baseline (war started 2026-02-28),ws5_stock_timeseries
cn_crude_import_rate,CN,crude,import_rate,mb/d,2026-05-31,6.36,6.36,exact,est,https://discoveryalert.com.au/china-oil-stockpile-drawdown-market-reckoning-2026/,Trough,ws5_stock_timeseries
cn_crude_import_rate,CN,crude,import_rate,mb/d,2026-06-30,8.1,8.10,exact,hard,https://www.eia.gov/todayinenergy/detail.php?id=67905,"GACC customs, Q2-2026 quarterly average (-32% q/q)",ws5_stock_timeseries
cn_crude_import_rate,CN,crude,import_rate,mb/d,2026-08-31,7.2,7.20,exact,est,https://oilprice.com/Latest-Energy-News/World-News/Chinas-Crude-Imports-Set-to-Hold-at-72-Million-Bpd-in-September.html,"Kpler preliminary; Sept 'held at' same level as Aug, so Aug reading used as proxy for both months",ws5_stock_timeseries
cn_crude_import_rate,CN,crude,import_rate,mb/d,2026-09-14,7.2,7.20,exact,est,https://oilprice.com/Latest-Energy-News/World-News/Chinas-Crude-Imports-Set-to-Hold-at-72-Million-Bpd-in-September.html,Kpler preliminary vessel tracking for September,ws5_stock_timeseries
cn_refinery_throughput,CN,crude,refinery_throughput,mb/d,2026-05-31,13.5,13.5,exact,est,https://discoveryalert.com.au/china-oil-stockpile-drawdown-market-reckoning-2026/,Peak stock-draw month; runs roughly double imports,ws5_stock_timeseries
cn_implied_stock_draw,CN,crude,implied_stock_draw,mb/d,2026-05-31,7.14,7.14,exact,calc,https://discoveryalert.com.au/china-oil-stockpile-drawdown-market-reckoning-2026/,"calc: 13.5 (runs) - 6.36 (imports) = 7.14mb/d, single largest national SPR+commercial deployment episode per source",ws5_stock_timeseries
cn_stock_draw_rate_est,CN,crude,stock_draw_rate,mb/d,2026-06-10,1.0,1.0,exact,est,https://www.bloomberg.com/news/articles/2026-06-10/china-taps-commercial-oil-stockpiles-to-help-weather-gulf-shock,"Vortexa/Kpler/Energy Aspects est, 'coming months' forward-looking rate, describes ~1/3 of the Hormuz-related missing crude",ws5_stock_timeseries
cn_gasoline_export_index,CN,gasoline,export_volume_yoy_change,pct,2026-07-31,-55.3,-55.3,exact,est,https://tanktransport.com/2026/05/global-refinery-crunch/,July 2026 y/y; but +320% m/m vs June as curbs eased -- signals partial de-escalation,ws5_stock_timeseries
cn_diesel_export_index,CN,diesel,export_volume_yoy_change,pct,2026-07-31,88.0,88,exact,est,https://tanktransport.com/2026/05/global-refinery-crunch/,July 2026 y/y increase amid global diesel squeeze (Iran war + Ukraine war),ws5_stock_timeseries
jp_nominal_gdp_fy2025,JP,macro,nominal_gdp,trn_jpy,2026-03-31,662.8,662.8,exact,hard,https://www.murc.jp/wp-content/uploads/2026/02/fc_2602_01.pdf,"FY2025 nominal GDP, +4.5% y/y, record high (Cabinet Office via MURC). Replaces an unsourced USD magnitude in the model.",ws6_followup
cn_nominal_gdp_2025,CN,macro,nominal_gdp,trn_cny,2025-12-31,140.1879,140.1879,exact,hard,https://www.stats.gov.cn/english/PressRelease/202602/t20260228_1962661.html,"NBS Statistical Communique: 140.1879trn yuan, first time above 140trn",ws6_followup
cn_nominal_gdp_2025_usd,CN,macro,nominal_gdp,usd_bn,2025-12-31,20010.0,20010,exact,hard,https://english.www.gov.cn/archive/statistics/202602/28/content_WS69a2dfc9c6d00ca5f9a09662.html,~US$20.01trn per NBS/state council conversion,ws6_followup
jp_oil_demand_2025,JP,all_products,oil_demand,kbd,2025-12-31,3071.463,3071.463,exact,hard,https://www.worldometers.info/oil/japan-oil/,"Japan consumption of oil and petroleum products 2025, -2.2% vs 2024. Model previously assumed 3300 kb/d.",ws6_followup
jp_oil_production_2025,JP,crude,domestic_production,kbd,2025-12-31,102.909,102.909,exact,hard,https://www.worldometers.info/oil/japan-oil/,Domestic production; implies net import need of ~2969 kb/d,ws6_followup
jp_lng_imports_2025,JP,LNG,import_volume,mn_tonnes,2025-12-31,66.0,66,exact,hard,https://www.japanenergyevent.com/media/5jkeaxh5/from-importer-to-trader-japan-shifting-role-in-the-global-lng-market_report-by-japan-nrg.pdf,"~66mt in 2025, world's second-largest importer after China. Confirms the value the model had assumed.",ws6_followup
jp_lng_imports_fy2024,JP,LNG,import_volume,mn_tonnes,2025-03-31,65.87,65.87,exact,hard,https://www.arabnews.jp/en/business/article_145530/,FY2024 +1.5% y/y; value 6.17trn yen,ws6_followup
jp_lng_utility_stock_mar26,JP,LNG,stock_volume_utilities,mn_tonnes,2026-03-31,2.19,2.19,exact,hard,https://www.tradingview.com/news/reuters.com%2C2026%3Anewsml_L1N3ZS05Z%3A0-japanese-utilities-boost-lng-reserves-meti-sees-no-calls-for-emergency-supply-yet/,Utilities RAISED stocks 10% to 2.19mn t; METI reports no requests for emergency supply,ws6_followup
jp_lng_utility_days_cover,JP,LNG,stock_days_of_use,days,2026-03-31,12.0,12,exact,hard,https://www.tradingview.com/news/reuters.com%2C2026%3Anewsml_L1N3ZS05Z%3A0-japanese-utilities-boost-lng-reserves-meti-sees-no-calls-for-emergency-supply-yet/,2.19mn t equals about 12 days of domestic use. Hard figure replacing the study's earlier 2-3 week estimate.,ws6_followup
jp_lng_stock_vs_average,JP,LNG,stock_vs_5yr_average,pct_of_average,2026-01-04,112.2,112.2,exact,hard,https://www.argusmedia.com/en/news-and-insights/latest-market-news/2772657-japan-utilities-keep-lng-stocks-above-average-into-2026,"2.3mn t was 12.2% ABOVE the 2021-25 end-January average of 2.05mn t, and 23% above Jan 2025. LNG stocks were not depleted.",ws6_followup
jp_sbl_cargo_per_month,JP,LNG,strategic_buffer_purchases,tonnes_per_month,2026-01-01,70000.0,70000,exact,hard,https://www.offshore-technology.com/news/japan-to-increase-monthly-lng-purchases/,Strategic Buffer LNG programme: at least one cargo (~70kt) monthly from Jan 2026,ws6_followup
jp_sbl_annual,JP,LNG,strategic_buffer_annual,tonnes,2026-12-31,840000.0,840000,exact,hard,https://finance.yahoo.com/news/japan-increase-monthly-lng-purchases-093504006.html,"Minimum 12 cargoes / 840kt per year for emergency reserve, vs ~210kt in the prior two years",ws6_followup
jp_total_reserves_apr26,JP,crude,stock_volume_total,mn_bbl,2026-04-30,390.0,390,exact,hard,https://www.trade.gov/market-intelligence/japan-crude-oil,61.59mn kL total oil reserves per METI. Down from 458mn bbl in Jan 2026.,ws6_followup
jp_total_reserve_days_apr26,JP,crude,stock_days_total,days,2026-04-30,179.0,179,exact,hard,https://www.trade.gov/market-intelligence/japan-crude-oil,"179 days of cover per METI, down from 248 days in Jan 2026",ws6_followup
jp_drawdown_since_march,JP,crude,stock_drawdown,mn_bbl,2026-08-31,85.0,85,exact,est,https://hamerintel.com/data/alerts/8899,"Reported 70-100mn bbl drawn since March, largest in Japan's history; midpoint used. Implies ~0.75-1.1 mb/d net draw.",ws6_followup
jp_draw_rate_observed,JP,crude,stock_draw_rate,kbd,2026-08-31,925.0,925,exact,est,https://hamerintel.com/data/alerts/8899,"Midpoint of the reported 0.75-1.1 mb/d realised draw. Used to calibrate the model's deliverability ceiling, previously a pure assumption.",ws6_followup
jp_stockpile_released_days,JP,crude,release_volume,days_of_consumption,2026-03-16,75.0,75,exact,hard,https://finance.yahoo.com/news/japan-refinery-runs-climb-over-053512264.html,Government made available stocks equal to about 75 days of consumption,ws6_followup
jp_commercial_crude_1yr_high,JP,crude,commercial_stock_status,binary,2026-05-31,1.0,1,exact,hard,https://www.qcintel.com/article/japan-crude-stocks-hit-one-year-high-despite-higher-refinery-runs-71664.html,"Commercial crude inventories hit their highest in more than a year as supply improved and refiners rebuilt - a rebuild, alongside the strategic drawdown",ws6_followup
jp_refinery_util_may2,JP,all_products,refinery_utilization,pct_of_capacity,2026-05-02,77.3,77.3,exact,hard,https://finance.yahoo.com/news/japan-refinery-runs-climb-over-053512264.html,Week to May 2; the following week fell to 73.3%,ws6_followup
jp_refiner_util_target_fy26,JP,all_products,refinery_utilization_target,pct_of_capacity,2027-03-31,90.0,90,exact,est,https://finance.yahoo.com/news/japan-refinery-runs-climb-over-053512264.html,"Idemitsu and Cosmo target above 90% utilisation for FY2026 - a company aim, not an outturn",ws6_followup
cn_crude_imports_aug26_official,CN,crude,monthly_imports,mn_tonnes,2026-08-31,37.93,37.93,exact,hard,https://tradingeconomics.com/china/crude-oil-imports,"OFFICIAL GACC customs: 37.93 Mt in August, up from 35.73 Mt in July. Resolves the study's earlier three-way conflict in favour of ~8.93 mb/d.",ws6_followup
cn_crude_imports_aug26_mbd,CN,crude,monthly_imports,mb/d,2026-08-31,8.93,8.93,exact,calc,https://oilprice.com/Latest-Energy-News/World-News/Chinas-Crude-Buying-Rebounds-as-Fuel-Exports-Jump-29.html,"37.93 Mt converted; +6.2% m/m, -23.4% y/y. Confirms the Bloomberg figure and refutes the 49.49 Mt outlier.",ws6_followup
cn_crude_imports_jul26,CN,crude,monthly_imports,mn_tonnes,2026-07-31,35.73,35.73,exact,hard,https://tradingeconomics.com/china/crude-oil-imports,GACC customs July 2026,ws6_followup
cn_crude_imports_yoy_aug,CN,crude,monthly_imports_yoy,pct,2026-08-31,-23.4,-23.4,exact,hard,https://oilprice.com/Latest-Energy-News/World-News/Chinas-Crude-Buying-Rebounds-as-Fuel-Exports-Jump-29.html,Still 23.4% below August 2025 despite the monthly rebound,ws6_followup
cn_fuel_exports_jump,CN,refined_products,export_volume_change,pct,2026-08-31,29.0,29,exact,hard,https://finance.yahoo.com/energy/articles/china-crude-buying-rebounds-fuel-100000225.html,Fuel exports jumped 29%; easing of export curbs prompted refiners to buy more crude,ws6_followup
cn_gdp_per_10usd_oil,CN,macro,gdp_impact_per_10usd_bbl,pp,2026-05-22,-0.175,-0.175,exact,est,https://www.globaldata.com/media/business-fundamentals/every-10-barrel-oil-rise-can-cut-up-to-0-5pp-off-gdp-growth-in-major-oil-importing-economies-says-globaldata/,GlobalData: China -0.15 to -0.2pp per sustained $10/bbl; midpoint used,ws6_followup
world_gdp_per_10usd_oil_importers,WORLD,macro,gdp_impact_per_10usd_bbl,pp,2026-05-22,-0.3,-0.3,exact,est,https://www.financialmirror.com/2026/05/22/every-10-b-rise-in-oil-price-may-cut-0-5-off-gdp-growth/,GlobalData: 0.1-0.5pp off annual GDP for major net energy importers; 0.3 is the midpoint used as the Japan proxy in the absence of a Japan-specific figure,ws6_followup
imf_adverse_scenario_asia_gdp,WORLD,macro,gdp_impact_adverse_scenario,pp,2026-04-16,-1.0,-1.0,exact,hard,https://www.imf.org/en/blogs/articles/2026/04/16/asias-economic-resilience-is-being-tested-by-the-energy-shock,"IMF: under the WEO adverse scenario, GDP growth in the region's major economies falls by almost 1pp in 2026 vs reference, larger for more import-dependent economies. Used as the external cross-check on this study's model.",ws6_followup
imf_adverse_oil_assumption,WORLD,crude,price_assumption_adverse,pct_above_baseline,2026-06-30,80.0,80,exact,hard,https://www.imf.org/-/media/files/publications/weo/2026/april/english/ch1.pdf,"IMF adverse scenario assumes oil +80% from Q2 2026 vs Jan 2026 baseline, easing to ~20% above baseline in 2027",ws6_followup
korea_tot_transfer_method,KR,macro,tot_transfer_pct_gdp,pct_of_gdp,2026-04-30,2.7,2.7,exact,est,https://econbrowser.com/archives/2026/04/the-oil-shock-in-east-asia,Korea: 4ppt x 0.67 = 2.7ppt of GDP transferred to oil exporters assuming zero price elasticity. Independent confirmation of this study's terms-of-trade method.,ws6_followup
saudi_ew_pipeline_shut,SA,crude,pipeline_status,binary_shut,2026-09-11,1.0,1,exact,hard,https://www.aljazeera.com/news/2026/9/12/saudi-arabia-shuts-critical-oil-pipeline-after-drone-attack-what-happened,Shut after drone strikes from Iraqi territory on 10-11 Sept; Saudi energy ministry called it precautionary,ws6_followup
saudi_ew_pipeline_capacity,SA,crude,pipeline_throughput,mb/d,2026-09-11,4.5,4.5,exact,hard,https://www.aljazeera.com/news/2026/9/14/why-saudi-arabias-east-west-pipeline-matters-for-global-oil,"1200km line carries roughly 4-5 mb/d from eastern fields to Yanbu on the Red Sea, bypassing Hormuz; midpoint used",ws6_followup
saudi_ew_pumping_station_destroyed,SA,crude,infrastructure_damage,binary,2026-09-14,1.0,1,exact,hard,https://www.cnbc.com/2026/09/14/iran-war-saudi-arabia-east-west-pipeline-oil.html,Satellite imagery shows the pumping station completely destroyed; replacing the pipeline section alone will take weeks,ws6_followup
saudi_ew_repair_weeks,SA,crude,repair_time_estimate,weeks,2026-09-14,5.5,5.5,exact,est,https://www.cnbc.com/2026/09/14/iran-war-saudi-arabia-east-west-pipeline-oil.html,"Industry estimates 5-6 weeks for repair, some expect partial operation sooner; midpoint used. US Energy Secretary said on 09-14 the line would 'come back on shortly'.",ws6_followup
